label,phase,packet_bytes,tap,kind,cycles,xfer_cycles,stall_cycles,starved_cycles,idle_cycles,accept_rate,service_period_cycles,beats_per_cycle,bytes_per_cycle,stall_frac,starve_frac,dominant_state,capacity_beats,high_water_beats,start_occupancy,end_occupancy,accepted_beats,retired_beats,simultaneous_cycles
shared-60mhz-poly1305-pipelined-share-chacha20-poly1305-decrypt-recovery-20261005,b2b-16,16,decrypt/auth_fifo.in,handshake,177,4,0,173,0,1.0,1.0,0.022598870056497175,0.3615819209039548,0.0,0.9774011299435028,,,,,,,,
shared-60mhz-poly1305-pipelined-share-chacha20-poly1305-decrypt-recovery-20261005,b2b-16,16,decrypt/auth_fifo.occupancy,buffer,177,,,,,,,,,,,,65,2,0,0,4,4,0
shared-60mhz-poly1305-pipelined-share-chacha20-poly1305-decrypt-recovery-20261005,b2b-16,16,decrypt/auth_fifo.out,handshake,177,4,142,0,31,0.0273972602739726,36.5,0.022598870056497175,0.3615819209039548,0.8022598870056498,0.0,,,,,,,,
shared-60mhz-poly1305-pipelined-share-chacha20-poly1305-decrypt-recovery-20261005,b2b-16,16,decrypt/chacha20.axis_in,handshake,177,4,4,7,162,0.5,2.0,0.022598870056497175,0.3615819209039548,0.022598870056497175,0.03954802259887006,,,,,,,,
shared-60mhz-poly1305-pipelined-share-chacha20-poly1305-decrypt-recovery-20261005,b2b-16,16,decrypt/chacha20.axis_out,handshake,177,4,0,173,0,1.0,1.0,0.022598870056497175,0.3615819209039548,0.0,0.9774011299435028,,,,,,,,
shared-60mhz-poly1305-pipelined-share-chacha20-poly1305-decrypt-recovery-20261005,b2b-16,16,decrypt/chacha20.from_pipeline,handshake,177,8,36,60,73,0.18181818181818182,5.5,0.04519774011299435,,0.2033898305084746,0.3389830508474576,,,,,,,,
shared-60mhz-poly1305-pipelined-share-chacha20-poly1305-decrypt-recovery-20261005,b2b-16,16,decrypt/chacha20.in_state,state,177,,,,,,,,,,,POLY_KEY,,,,,,,
shared-60mhz-poly1305-pipelined-share-chacha20-poly1305-decrypt-recovery-20261005,b2b-16,16,decrypt/chacha20.key_out,handshake,177,4,36,57,80,0.1,10.0,0.022598870056497175,,0.2033898305084746,0.3220338983050847,,,,,,,,
shared-60mhz-poly1305-pipelined-share-chacha20-poly1305-decrypt-recovery-20261005,b2b-16,16,decrypt/chacha20.out_state,state,177,,,,,,,,,,,POLY_KEY,,,,,,,
shared-60mhz-poly1305-pipelined-share-chacha20-poly1305-decrypt-recovery-20261005,b2b-16,16,decrypt/chacha20.to_pipeline,handshake,177,8,2,163,4,0.8,1.25,0.04519774011299435,,0.011299435028248588,0.9209039548022598,,,,,,,,
shared-60mhz-poly1305-pipelined-share-chacha20-poly1305-decrypt-recovery-20261005,b2b-16,16,decrypt/poly1305.data_in,handshake,177,16,127,0,34,0.11188811188811189,8.9375,0.0903954802259887,1.4463276836158192,0.7175141242937854,0.0,,,,,,,,
shared-60mhz-poly1305-pipelined-share-chacha20-poly1305-decrypt-recovery-20261005,b2b-16,16,decrypt/poly1305.epilogue_in,handshake,177,4,1,131,41,0.8,1.25,0.022598870056497175,,0.005649717514124294,0.7401129943502824,,,,,,,,
shared-60mhz-poly1305-pipelined-share-chacha20-poly1305-decrypt-recovery-20261005,b2b-16,16,decrypt/poly1305.epilogue_out,handshake,177,4,0,20,153,1.0,1.0,0.022598870056497175,,0.0,0.11299435028248588,,,,,,,,
shared-60mhz-poly1305-pipelined-share-chacha20-poly1305-decrypt-recovery-20261005,b2b-16,16,decrypt/poly1305.from_compute,handshake,177,16,0,161,0,1.0,1.0,0.0903954802259887,,0.0,0.9096045197740112,,,,,,,,
shared-60mhz-poly1305-pipelined-share-chacha20-poly1305-decrypt-recovery-20261005,b2b-16,16,decrypt/poly1305.fsm,state,177,,,,,,,,,,,IDLE,,,,,,,
shared-60mhz-poly1305-pipelined-share-chacha20-poly1305-decrypt-recovery-20261005,b2b-16,16,decrypt/poly1305.key_in,handshake,177,4,36,57,80,0.1,10.0,0.022598870056497175,,0.2033898305084746,0.3220338983050847,,,,,,,,
shared-60mhz-poly1305-pipelined-share-chacha20-poly1305-decrypt-recovery-20261005,b2b-16,16,decrypt/poly1305.prologue_in,handshake,177,4,11,123,39,0.26666666666666666,3.75,0.022598870056497175,,0.062146892655367235,0.6949152542372882,,,,,,,,
shared-60mhz-poly1305-pipelined-share-chacha20-poly1305-decrypt-recovery-20261005,b2b-16,16,decrypt/poly1305.prologue_out,handshake,177,4,0,24,149,1.0,1.0,0.022598870056497175,,0.0,0.13559322033898305,,,,,,,,
shared-60mhz-poly1305-pipelined-share-chacha20-poly1305-decrypt-recovery-20261005,b2b-16,16,decrypt/poly1305.tag_out,handshake,177,4,0,148,25,1.0,1.0,0.022598870056497175,,0.0,0.8361581920903954,,,,,,,,
shared-60mhz-poly1305-pipelined-share-chacha20-poly1305-decrypt-recovery-20261005,b2b-16,16,decrypt/poly1305.to_compute,handshake,177,16,0,161,0,1.0,1.0,0.0903954802259887,,0.0,0.9096045197740112,,,,,,,,
shared-60mhz-poly1305-pipelined-share-chacha20-poly1305-decrypt-recovery-20261005,b2b-16,16,decrypt/prep.axis_in,handshake,177,4,142,0,31,0.0273972602739726,36.5,0.022598870056497175,0.3615819209039548,0.8022598870056498,0.0,,,,,,,,
shared-60mhz-poly1305-pipelined-share-chacha20-poly1305-decrypt-recovery-20261005,b2b-16,16,decrypt/prep.axis_out,handshake,177,16,127,0,34,0.11188811188811189,8.9375,0.0903954802259887,1.4463276836158192,0.7175141242937854,0.0,,,,,,,,
shared-60mhz-poly1305-pipelined-share-chacha20-poly1305-decrypt-recovery-20261005,b2b-16,16,decrypt/prep.fsm,state,177,,,,,,,,,,,AAD_STATE,,,,,,,
shared-60mhz-poly1305-pipelined-share-chacha20-poly1305-decrypt-recovery-20261005,b2b-16,16,decrypt/strip.axis_in,handshake,177,8,81,36,52,0.0898876404494382,11.125,0.04519774011299435,0.7231638418079096,0.4576271186440678,0.2033898305084746,,,,,,,,
shared-60mhz-poly1305-pipelined-share-chacha20-poly1305-decrypt-recovery-20261005,b2b-16,16,decrypt/strip.axis_out,handshake,177,4,4,7,162,0.5,2.0,0.022598870056497175,0.3615819209039548,0.022598870056497175,0.03954802259887006,,,,,,,,
shared-60mhz-poly1305-pipelined-share-chacha20-poly1305-decrypt-recovery-20261005,b2b-16,16,decrypt/strip.tag_out,handshake,177,4,129,13,31,0.03007518796992481,33.25,0.022598870056497175,,0.7288135593220338,0.07344632768361582,,,,,,,,
shared-60mhz-poly1305-pipelined-share-chacha20-poly1305-decrypt-recovery-20261005,b2b-16,16,decrypt/verify.auth_tag,handshake,177,4,129,13,31,0.03007518796992481,33.25,0.022598870056497175,,0.7288135593220338,0.07344632768361582,,,,,,,,
shared-60mhz-poly1305-pipelined-share-chacha20-poly1305-decrypt-recovery-20261005,b2b-16,16,decrypt/verify.calc_tag,handshake,177,4,0,148,25,1.0,1.0,0.022598870056497175,,0.0,0.8361581920903954,,,,,,,,
shared-60mhz-poly1305-pipelined-share-chacha20-poly1305-decrypt-recovery-20261005,b2b-16,16,decrypt/verify.fsm,state,177,,,,,,,,,,,TAKE_CALC_TAG,,,,,,,
shared-60mhz-poly1305-pipelined-share-chacha20-poly1305-decrypt-recovery-20261005,b2b-16,16,decrypt/verify.tags_match,handshake,177,4,0,169,4,1.0,1.0,0.022598870056497175,,0.0,0.9548022598870056,,,,,,,,
shared-60mhz-poly1305-pipelined-share-chacha20-poly1305-decrypt-recovery-20261005,b2b-16,16,decrypt/wtv.axis_in,handshake,177,4,0,173,0,1.0,1.0,0.022598870056497175,0.3615819209039548,0.0,0.9774011299435028,,,,,,,,
shared-60mhz-poly1305-pipelined-share-chacha20-poly1305-decrypt-recovery-20261005,b2b-16,16,decrypt/wtv.axis_out,handshake,177,4,0,173,0,1.0,1.0,0.022598870056497175,0.3615819209039548,0.0,0.9774011299435028,,,,,,,,
shared-60mhz-poly1305-pipelined-share-chacha20-poly1305-decrypt-recovery-20261005,b2b-16,16,decrypt/wtv.fsm,state,177,,,,,,,,,,,WAIT_TO_VERIFY_BIT,,,,,,,
shared-60mhz-poly1305-pipelined-share-chacha20-poly1305-decrypt-recovery-20261005,b2b-16,16,decrypt/wtv.verify_bit,handshake,177,4,0,169,4,1.0,1.0,0.022598870056497175,,0.0,0.9548022598870056,,,,,,,,
shared-60mhz-poly1305-pipelined-share-chacha20-poly1305-decrypt-recovery-20261005,b2b-16,16,encrypt/append.axis_in,handshake,177,4,0,113,60,1.0,1.0,0.022598870056497175,0.3615819209039548,0.0,0.6384180790960452,,,,,,,,
shared-60mhz-poly1305-pipelined-share-chacha20-poly1305-decrypt-recovery-20261005,b2b-16,16,encrypt/append.axis_out,handshake,177,8,0,169,0,1.0,1.0,0.04519774011299435,0.7231638418079096,0.0,0.9548022598870056,,,,,,,,
shared-60mhz-poly1305-pipelined-share-chacha20-poly1305-decrypt-recovery-20261005,b2b-16,16,encrypt/append.fsm,state,177,,,,,,,,,,,CIPHERTEXT,,,,,,,
shared-60mhz-poly1305-pipelined-share-chacha20-poly1305-decrypt-recovery-20261005,b2b-16,16,encrypt/append.tag_in,handshake,177,4,0,56,117,1.0,1.0,0.022598870056497175,,0.0,0.3163841807909605,,,,,,,,
shared-60mhz-poly1305-pipelined-share-chacha20-poly1305-decrypt-recovery-20261005,b2b-16,16,encrypt/chacha20.axis_in,handshake,177,4,5,2,166,0.4444444444444444,2.25,0.022598870056497175,0.3615819209039548,0.02824858757062147,0.011299435028248588,,,,,,,,
shared-60mhz-poly1305-pipelined-share-chacha20-poly1305-decrypt-recovery-20261005,b2b-16,16,encrypt/chacha20.axis_out,handshake,177,4,25,0,148,0.13793103448275862,7.25,0.022598870056497175,0.3615819209039548,0.14124293785310735,0.0,,,,,,,,
shared-60mhz-poly1305-pipelined-share-chacha20-poly1305-decrypt-recovery-20261005,b2b-16,16,encrypt/chacha20.from_pipeline,handshake,177,8,66,76,27,0.10810810810810811,9.25,0.04519774011299435,,0.3728813559322034,0.4293785310734463,,,,,,,,
shared-60mhz-poly1305-pipelined-share-chacha20-poly1305-decrypt-recovery-20261005,b2b-16,16,encrypt/chacha20.in_state,state,177,,,,,,,,,,,POLY_KEY,,,,,,,
shared-60mhz-poly1305-pipelined-share-chacha20-poly1305-decrypt-recovery-20261005,b2b-16,16,encrypt/chacha20.key_out,handshake,177,4,66,67,40,0.05714285714285714,17.5,0.022598870056497175,,0.3728813559322034,0.3785310734463277,,,,,,,,
shared-60mhz-poly1305-pipelined-share-chacha20-poly1305-decrypt-recovery-20261005,b2b-16,16,encrypt/chacha20.out_state,state,177,,,,,,,,,,,POLY_KEY,,,,,,,
shared-60mhz-poly1305-pipelined-share-chacha20-poly1305-decrypt-recovery-20261005,b2b-16,16,encrypt/chacha20.to_pipeline,handshake,177,8,4,163,2,0.6666666666666666,1.5,0.04519774011299435,,0.022598870056497175,0.9209039548022598,,,,,,,,
shared-60mhz-poly1305-pipelined-share-chacha20-poly1305-decrypt-recovery-20261005,b2b-16,16,encrypt/output_slice.in,handshake,177,8,0,169,0,1.0,1.0,0.04519774011299435,0.7231638418079096,0.0,0.9548022598870056,,,,,,,,
shared-60mhz-poly1305-pipelined-share-chacha20-poly1305-decrypt-recovery-20261005,b2b-16,16,encrypt/output_slice.occupancy,buffer,177,,,,,,,,,,,,2,1,0,0,8,8,0
shared-60mhz-poly1305-pipelined-share-chacha20-poly1305-decrypt-recovery-20261005,b2b-16,16,encrypt/output_slice.out,handshake,177,8,0,169,0,1.0,1.0,0.04519774011299435,0.7231638418079096,0.0,0.9548022598870056,,,,,,,,
shared-60mhz-poly1305-pipelined-share-chacha20-poly1305-decrypt-recovery-20261005,b2b-16,16,encrypt/poly1305.data_in,handshake,177,16,13,2,146,0.5517241379310345,1.8125,0.0903954802259887,1.4463276836158192,0.07344632768361582,0.011299435028248588,,,,,,,,
shared-60mhz-poly1305-pipelined-share-chacha20-poly1305-decrypt-recovery-20261005,b2b-16,16,encrypt/poly1305.epilogue_in,handshake,177,4,0,130,43,1.0,1.0,0.022598870056497175,,0.0,0.7344632768361582,,,,,,,,
shared-60mhz-poly1305-pipelined-share-chacha20-poly1305-decrypt-recovery-20261005,b2b-16,16,encrypt/poly1305.epilogue_out,handshake,177,4,0,20,153,1.0,1.0,0.022598870056497175,,0.0,0.11299435028248588,,,,,,,,
shared-60mhz-poly1305-pipelined-share-chacha20-poly1305-decrypt-recovery-20261005,b2b-16,16,encrypt/poly1305.from_compute,handshake,177,16,0,161,0,1.0,1.0,0.0903954802259887,,0.0,0.9096045197740112,,,,,,,,
shared-60mhz-poly1305-pipelined-share-chacha20-poly1305-decrypt-recovery-20261005,b2b-16,16,encrypt/poly1305.fsm,state,177,,,,,,,,,,,IDLE,,,,,,,
shared-60mhz-poly1305-pipelined-share-chacha20-poly1305-decrypt-recovery-20261005,b2b-16,16,encrypt/poly1305.key_in,handshake,177,4,66,67,40,0.05714285714285714,17.5,0.022598870056497175,,0.3728813559322034,0.3785310734463277,,,,,,,,
shared-60mhz-poly1305-pipelined-share-chacha20-poly1305-decrypt-recovery-20261005,b2b-16,16,encrypt/poly1305.prologue_in,handshake,177,4,0,122,51,1.0,1.0,0.022598870056497175,,0.0,0.6892655367231638,,,,,,,,
shared-60mhz-poly1305-pipelined-share-chacha20-poly1305-decrypt-recovery-20261005,b2b-16,16,encrypt/poly1305.prologue_out,handshake,177,4,0,24,149,1.0,1.0,0.022598870056497175,,0.0,0.13559322033898305,,,,,,,,
shared-60mhz-poly1305-pipelined-share-chacha20-poly1305-decrypt-recovery-20261005,b2b-16,16,encrypt/poly1305.tag_out,handshake,177,4,0,56,117,1.0,1.0,0.022598870056497175,,0.0,0.3163841807909605,,,,,,,,
shared-60mhz-poly1305-pipelined-share-chacha20-poly1305-decrypt-recovery-20261005,b2b-16,16,encrypt/poly1305.to_compute,handshake,177,16,0,161,0,1.0,1.0,0.0903954802259887,,0.0,0.9096045197740112,,,,,,,,
shared-60mhz-poly1305-pipelined-share-chacha20-poly1305-decrypt-recovery-20261005,b2b-16,16,encrypt/prep.axis_in,handshake,177,4,25,0,148,0.13793103448275862,7.25,0.022598870056497175,0.3615819209039548,0.14124293785310735,0.0,,,,,,,,
shared-60mhz-poly1305-pipelined-share-chacha20-poly1305-decrypt-recovery-20261005,b2b-16,16,encrypt/prep.axis_out,handshake,177,16,13,2,146,0.5517241379310345,1.8125,0.0903954802259887,1.4463276836158192,0.07344632768361582,0.011299435028248588,,,,,,,,
shared-60mhz-poly1305-pipelined-share-chacha20-poly1305-decrypt-recovery-20261005,b2b-16,16,encrypt/prep.fsm,state,177,,,,,,,,,,,IDLE,,,,,,,
shared-60mhz-poly1305-pipelined-share-chacha20-poly1305-decrypt-recovery-20261005,b2b-16,16,shared/pipe.arb,arb,177,,,,,,,,,,,,,,,,,,
shared-60mhz-poly1305-pipelined-share-chacha20-poly1305-decrypt-recovery-20261005,b2b-16,16,shared/pipe.dec_in,handshake,177,8,2,163,4,0.8,1.25,0.04519774011299435,,0.011299435028248588,0.9209039548022598,,,,,,,,
shared-60mhz-poly1305-pipelined-share-chacha20-poly1305-decrypt-recovery-20261005,b2b-16,16,shared/pipe.dec_out,handshake,177,8,36,60,73,0.18181818181818182,5.5,0.04519774011299435,,0.2033898305084746,0.3389830508474576,,,,,,,,
shared-60mhz-poly1305-pipelined-share-chacha20-poly1305-decrypt-recovery-20261005,b2b-16,16,shared/pipe.enc_in,handshake,177,8,4,163,2,0.6666666666666666,1.5,0.04519774011299435,,0.022598870056497175,0.9209039548022598,,,,,,,,
shared-60mhz-poly1305-pipelined-share-chacha20-poly1305-decrypt-recovery-20261005,b2b-16,16,shared/pipe.enc_out,handshake,177,8,66,76,27,0.10810810810810811,9.25,0.04519774011299435,,0.3728813559322034,0.4293785310734463,,,,,,,,
shared-60mhz-poly1305-pipelined-share-chacha20-poly1305-decrypt-recovery-20261005,b2b-16,16,shared/poly1305.epilogue.arb,arb,177,,,,,,,,,,,,,,,,,,
shared-60mhz-poly1305-pipelined-share-chacha20-poly1305-decrypt-recovery-20261005,b2b-16,16,shared/poly1305.epilogue.dec_in,handshake,177,4,1,131,41,0.8,1.25,0.022598870056497175,,0.005649717514124294,0.7401129943502824,,,,,,,,
shared-60mhz-poly1305-pipelined-share-chacha20-poly1305-decrypt-recovery-20261005,b2b-16,16,shared/poly1305.epilogue.dec_out,handshake,177,4,0,20,153,1.0,1.0,0.022598870056497175,,0.0,0.11299435028248588,,,,,,,,
shared-60mhz-poly1305-pipelined-share-chacha20-poly1305-decrypt-recovery-20261005,b2b-16,16,shared/poly1305.epilogue.enc_in,handshake,177,4,0,130,43,1.0,1.0,0.022598870056497175,,0.0,0.7344632768361582,,,,,,,,
shared-60mhz-poly1305-pipelined-share-chacha20-poly1305-decrypt-recovery-20261005,b2b-16,16,shared/poly1305.epilogue.enc_out,handshake,177,4,0,20,153,1.0,1.0,0.022598870056497175,,0.0,0.11299435028248588,,,,,,,,
shared-60mhz-poly1305-pipelined-share-chacha20-poly1305-decrypt-recovery-20261005,b2b-16,16,shared/poly1305.epilogue.service,state,177,,,,,,,,,,,IDLE,,,,,,,
shared-60mhz-poly1305-pipelined-share-chacha20-poly1305-decrypt-recovery-20261005,b2b-16,16,shared/poly1305.epilogue.service_in,handshake,177,8,1,129,39,0.8888888888888888,1.125,0.04519774011299435,,0.005649717514124294,0.7288135593220338,,,,,,,,
shared-60mhz-poly1305-pipelined-share-chacha20-poly1305-decrypt-recovery-20261005,b2b-16,16,shared/poly1305.epilogue.service_out,handshake,177,8,0,0,169,1.0,1.0,0.04519774011299435,,0.0,0.0,,,,,,,,
shared-60mhz-poly1305-pipelined-share-chacha20-poly1305-decrypt-recovery-20261005,b2b-16,16,shared/poly1305.prologue.arb,arb,177,,,,,,,,,,,,,,,,,,
shared-60mhz-poly1305-pipelined-share-chacha20-poly1305-decrypt-recovery-20261005,b2b-16,16,shared/poly1305.prologue.dec_in,handshake,177,4,11,123,39,0.26666666666666666,3.75,0.022598870056497175,,0.062146892655367235,0.6949152542372882,,,,,,,,
shared-60mhz-poly1305-pipelined-share-chacha20-poly1305-decrypt-recovery-20261005,b2b-16,16,shared/poly1305.prologue.dec_out,handshake,177,4,0,24,149,1.0,1.0,0.022598870056497175,,0.0,0.13559322033898305,,,,,,,,
shared-60mhz-poly1305-pipelined-share-chacha20-poly1305-decrypt-recovery-20261005,b2b-16,16,shared/poly1305.prologue.enc_in,handshake,177,4,0,122,51,1.0,1.0,0.022598870056497175,,0.0,0.6892655367231638,,,,,,,,
shared-60mhz-poly1305-pipelined-share-chacha20-poly1305-decrypt-recovery-20261005,b2b-16,16,shared/poly1305.prologue.enc_out,handshake,177,4,0,24,149,1.0,1.0,0.022598870056497175,,0.0,0.13559322033898305,,,,,,,,
shared-60mhz-poly1305-pipelined-share-chacha20-poly1305-decrypt-recovery-20261005,b2b-16,16,shared/poly1305.prologue.service,state,177,,,,,,,,,,,IDLE,,,,,,,
shared-60mhz-poly1305-pipelined-share-chacha20-poly1305-decrypt-recovery-20261005,b2b-16,16,shared/poly1305.prologue.service_in,handshake,177,8,11,121,37,0.42105263157894735,2.375,0.04519774011299435,,0.062146892655367235,0.6836158192090396,,,,,,,,
shared-60mhz-poly1305-pipelined-share-chacha20-poly1305-decrypt-recovery-20261005,b2b-16,16,shared/poly1305.prologue.service_out,handshake,177,8,0,0,169,1.0,1.0,0.04519774011299435,,0.0,0.0,,,,,,,,
shared-60mhz-poly1305-pipelined-share-chacha20-poly1305-decrypt-recovery-20261005,b2b-64,64,decrypt/auth_fifo.in,handshake,195,16,0,179,0,1.0,1.0,0.08205128205128205,1.3128205128205128,0.0,0.9179487179487179,,,,,,,,
shared-60mhz-poly1305-pipelined-share-chacha20-poly1305-decrypt-recovery-20261005,b2b-64,64,decrypt/auth_fifo.occupancy,buffer,195,,,,,,,,,,,,65,8,0,0,16,16,0
shared-60mhz-poly1305-pipelined-share-chacha20-poly1305-decrypt-recovery-20261005,b2b-64,64,decrypt/auth_fifo.out,handshake,195,16,145,0,34,0.09937888198757763,10.0625,0.08205128205128205,1.3128205128205128,0.7435897435897436,0.0,,,,,,,,
shared-60mhz-poly1305-pipelined-share-chacha20-poly1305-decrypt-recovery-20261005,b2b-64,64,decrypt/chacha20.axis_in,handshake,195,16,6,7,166,0.7272727272727273,1.375,0.08205128205128205,1.3128205128205128,0.03076923076923077,0.035897435897435895,,,,,,,,
shared-60mhz-poly1305-pipelined-share-chacha20-poly1305-decrypt-recovery-20261005,b2b-64,64,decrypt/chacha20.axis_out,handshake,195,16,0,179,0,1.0,1.0,0.08205128205128205,1.3128205128205128,0.0,0.9179487179487179,,,,,,,,
shared-60mhz-poly1305-pipelined-share-chacha20-poly1305-decrypt-recovery-20261005,b2b-64,64,decrypt/chacha20.from_pipeline,handshake,195,8,39,93,55,0.1702127659574468,5.875,0.041025641025641026,,0.2,0.47692307692307695,,,,,,,,
shared-60mhz-poly1305-pipelined-share-chacha20-poly1305-decrypt-recovery-20261005,b2b-64,64,decrypt/chacha20.in_state,state,195,,,,,,,,,,,POLY_KEY,,,,,,,
shared-60mhz-poly1305-pipelined-share-chacha20-poly1305-decrypt-recovery-20261005,b2b-64,64,decrypt/chacha20.key_out,handshake,195,4,39,63,89,0.09302325581395349,10.75,0.020512820512820513,,0.2,0.3230769230769231,,,,,,,,
shared-60mhz-poly1305-pipelined-share-chacha20-poly1305-decrypt-recovery-20261005,b2b-64,64,decrypt/chacha20.out_state,state,195,,,,,,,,,,,POLY_KEY,,,,,,,
shared-60mhz-poly1305-pipelined-share-chacha20-poly1305-decrypt-recovery-20261005,b2b-64,64,decrypt/chacha20.to_pipeline,handshake,195,8,2,182,3,0.8,1.25,0.041025641025641026,,0.010256410256410256,0.9333333333333333,,,,,,,,
shared-60mhz-poly1305-pipelined-share-chacha20-poly1305-decrypt-recovery-20261005,b2b-64,64,decrypt/poly1305.data_in,handshake,195,28,130,0,37,0.17721518987341772,5.642857142857143,0.14358974358974358,2.2974358974358973,0.6666666666666666,0.0,,,,,,,,
shared-60mhz-poly1305-pipelined-share-chacha20-poly1305-decrypt-recovery-20261005,b2b-64,64,decrypt/poly1305.epilogue_in,handshake,195,4,1,148,42,0.8,1.25,0.020512820512820513,,0.005128205128205128,0.7589743589743589,,,,,,,,
shared-60mhz-poly1305-pipelined-share-chacha20-poly1305-decrypt-recovery-20261005,b2b-64,64,decrypt/poly1305.epilogue_out,handshake,195,4,0,20,171,1.0,1.0,0.020512820512820513,,0.0,0.10256410256410256,,,,,,,,
shared-60mhz-poly1305-pipelined-share-chacha20-poly1305-decrypt-recovery-20261005,b2b-64,64,decrypt/poly1305.from_compute,handshake,195,28,0,167,0,1.0,1.0,0.14358974358974358,,0.0,0.8564102564102564,,,,,,,,
shared-60mhz-poly1305-pipelined-share-chacha20-poly1305-decrypt-recovery-20261005,b2b-64,64,decrypt/poly1305.fsm,state,195,,,,,,,,,,,IDLE,,,,,,,
shared-60mhz-poly1305-pipelined-share-chacha20-poly1305-decrypt-recovery-20261005,b2b-64,64,decrypt/poly1305.key_in,handshake,195,4,39,63,89,0.09302325581395349,10.75,0.020512820512820513,,0.2,0.3230769230769231,,,,,,,,
shared-60mhz-poly1305-pipelined-share-chacha20-poly1305-decrypt-recovery-20261005,b2b-64,64,decrypt/poly1305.prologue_in,handshake,195,4,11,140,40,0.26666666666666666,3.75,0.020512820512820513,,0.05641025641025641,0.717948717948718,,,,,,,,
shared-60mhz-poly1305-pipelined-share-chacha20-poly1305-decrypt-recovery-20261005,b2b-64,64,decrypt/poly1305.prologue_out,handshake,195,4,0,24,167,1.0,1.0,0.020512820512820513,,0.0,0.12307692307692308,,,,,,,,
shared-60mhz-poly1305-pipelined-share-chacha20-poly1305-decrypt-recovery-20261005,b2b-64,64,decrypt/poly1305.tag_out,handshake,195,4,0,160,31,1.0,1.0,0.020512820512820513,,0.0,0.8205128205128205,,,,,,,,
shared-60mhz-poly1305-pipelined-share-chacha20-poly1305-decrypt-recovery-20261005,b2b-64,64,decrypt/poly1305.to_compute,handshake,195,28,0,167,0,1.0,1.0,0.14358974358974358,,0.0,0.8564102564102564,,,,,,,,
shared-60mhz-poly1305-pipelined-share-chacha20-poly1305-decrypt-recovery-20261005,b2b-64,64,decrypt/prep.axis_in,handshake,195,16,145,0,34,0.09937888198757763,10.0625,0.08205128205128205,1.3128205128205128,0.7435897435897436,0.0,,,,,,,,
shared-60mhz-poly1305-pipelined-share-chacha20-poly1305-decrypt-recovery-20261005,b2b-64,64,decrypt/prep.axis_out,handshake,195,28,130,0,37,0.17721518987341772,5.642857142857143,0.14358974358974358,2.2974358974358973,0.6666666666666666,0.0,,,,,,,,
shared-60mhz-poly1305-pipelined-share-chacha20-poly1305-decrypt-recovery-20261005,b2b-64,64,decrypt/prep.fsm,state,195,,,,,,,,,,,AAD_STATE,,,,,,,
shared-60mhz-poly1305-pipelined-share-chacha20-poly1305-decrypt-recovery-20261005,b2b-64,64,decrypt/strip.axis_in,handshake,195,20,78,42,55,0.20408163265306123,4.9,0.10256410256410256,1.641025641025641,0.4,0.2153846153846154,,,,,,,,
shared-60mhz-poly1305-pipelined-share-chacha20-poly1305-decrypt-recovery-20261005,b2b-64,64,decrypt/strip.axis_out,handshake,195,16,6,7,166,0.7272727272727273,1.375,0.08205128205128205,1.3128205128205128,0.03076923076923077,0.035897435897435895,,,,,,,,
shared-60mhz-poly1305-pipelined-share-chacha20-poly1305-decrypt-recovery-20261005,b2b-64,64,decrypt/strip.tag_out,handshake,195,4,127,19,45,0.030534351145038167,32.75,0.020512820512820513,,0.6512820512820513,0.09743589743589744,,,,,,,,
shared-60mhz-poly1305-pipelined-share-chacha20-poly1305-decrypt-recovery-20261005,b2b-64,64,decrypt/verify.auth_tag,handshake,195,4,127,19,45,0.030534351145038167,32.75,0.020512820512820513,,0.6512820512820513,0.09743589743589744,,,,,,,,
shared-60mhz-poly1305-pipelined-share-chacha20-poly1305-decrypt-recovery-20261005,b2b-64,64,decrypt/verify.calc_tag,handshake,195,4,0,160,31,1.0,1.0,0.020512820512820513,,0.0,0.8205128205128205,,,,,,,,
shared-60mhz-poly1305-pipelined-share-chacha20-poly1305-decrypt-recovery-20261005,b2b-64,64,decrypt/verify.fsm,state,195,,,,,,,,,,,TAKE_CALC_TAG,,,,,,,
shared-60mhz-poly1305-pipelined-share-chacha20-poly1305-decrypt-recovery-20261005,b2b-64,64,decrypt/verify.tags_match,handshake,195,4,0,175,16,1.0,1.0,0.020512820512820513,,0.0,0.8974358974358975,,,,,,,,
shared-60mhz-poly1305-pipelined-share-chacha20-poly1305-decrypt-recovery-20261005,b2b-64,64,decrypt/wtv.axis_in,handshake,195,16,0,179,0,1.0,1.0,0.08205128205128205,1.3128205128205128,0.0,0.9179487179487179,,,,,,,,
shared-60mhz-poly1305-pipelined-share-chacha20-poly1305-decrypt-recovery-20261005,b2b-64,64,decrypt/wtv.axis_out,handshake,195,16,0,179,0,1.0,1.0,0.08205128205128205,1.3128205128205128,0.0,0.9179487179487179,,,,,,,,
shared-60mhz-poly1305-pipelined-share-chacha20-poly1305-decrypt-recovery-20261005,b2b-64,64,decrypt/wtv.fsm,state,195,,,,,,,,,,,WAIT_TO_VERIFY_BIT,,,,,,,
shared-60mhz-poly1305-pipelined-share-chacha20-poly1305-decrypt-recovery-20261005,b2b-64,64,decrypt/wtv.verify_bit,handshake,195,4,0,175,16,1.0,1.0,0.020512820512820513,,0.0,0.8974358974358975,,,,,,,,
shared-60mhz-poly1305-pipelined-share-chacha20-poly1305-decrypt-recovery-20261005,b2b-64,64,encrypt/append.axis_in,handshake,195,16,0,119,60,1.0,1.0,0.08205128205128205,1.3128205128205128,0.0,0.6102564102564103,,,,,,,,
shared-60mhz-poly1305-pipelined-share-chacha20-poly1305-decrypt-recovery-20261005,b2b-64,64,encrypt/append.axis_out,handshake,195,20,0,175,0,1.0,1.0,0.10256410256410256,1.641025641025641,0.0,0.8974358974358975,,,,,,,,
shared-60mhz-poly1305-pipelined-share-chacha20-poly1305-decrypt-recovery-20261005,b2b-64,64,encrypt/append.fsm,state,195,,,,,,,,,,,CIPHERTEXT,,,,,,,
shared-60mhz-poly1305-pipelined-share-chacha20-poly1305-decrypt-recovery-20261005,b2b-64,64,encrypt/append.tag_in,handshake,195,4,0,56,135,1.0,1.0,0.020512820512820513,,0.0,0.28717948717948716,,,,,,,,
shared-60mhz-poly1305-pipelined-share-chacha20-poly1305-decrypt-recovery-20261005,b2b-64,64,encrypt/chacha20.axis_in,handshake,195,16,5,2,172,0.7619047619047619,1.3125,0.08205128205128205,1.3128205128205128,0.02564102564102564,0.010256410256410256,,,,,,,,
shared-60mhz-poly1305-pipelined-share-chacha20-poly1305-decrypt-recovery-20261005,b2b-64,64,encrypt/chacha20.axis_out,handshake,195,16,21,0,158,0.43243243243243246,2.3125,0.08205128205128205,1.3128205128205128,0.1076923076923077,0.0,,,,,,,,
shared-60mhz-poly1305-pipelined-share-chacha20-poly1305-decrypt-recovery-20261005,b2b-64,64,encrypt/chacha20.from_pipeline,handshake,195,8,72,86,29,0.1,10.0,0.041025641025641026,,0.36923076923076925,0.441025641025641,,,,,,,,
shared-60mhz-poly1305-pipelined-share-chacha20-poly1305-decrypt-recovery-20261005,b2b-64,64,encrypt/chacha20.in_state,state,195,,,,,,,,,,,POLY_KEY,,,,,,,
shared-60mhz-poly1305-pipelined-share-chacha20-poly1305-decrypt-recovery-20261005,b2b-64,64,encrypt/chacha20.key_out,handshake,195,4,72,73,46,0.05263157894736842,19.0,0.020512820512820513,,0.36923076923076925,0.37435897435897436,,,,,,,,
shared-60mhz-poly1305-pipelined-share-chacha20-poly1305-decrypt-recovery-20261005,b2b-64,64,encrypt/chacha20.out_state,state,195,,,,,,,,,,,POLY_KEY,,,,,,,
shared-60mhz-poly1305-pipelined-share-chacha20-poly1305-decrypt-recovery-20261005,b2b-64,64,encrypt/chacha20.to_pipeline,handshake,195,8,1,182,4,0.8888888888888888,1.125,0.041025641025641026,,0.005128205128205128,0.9333333333333333,,,,,,,,
shared-60mhz-poly1305-pipelined-share-chacha20-poly1305-decrypt-recovery-20261005,b2b-64,64,encrypt/output_slice.in,handshake,195,20,0,175,0,1.0,1.0,0.10256410256410256,1.641025641025641,0.0,0.8974358974358975,,,,,,,,
shared-60mhz-poly1305-pipelined-share-chacha20-poly1305-decrypt-recovery-20261005,b2b-64,64,encrypt/output_slice.occupancy,buffer,195,,,,,,,,,,,,2,1,0,0,20,20,12
shared-60mhz-poly1305-pipelined-share-chacha20-poly1305-decrypt-recovery-20261005,b2b-64,64,encrypt/output_slice.out,handshake,195,20,0,175,0,1.0,1.0,0.10256410256410256,1.641025641025641,0.0,0.8974358974358975,,,,,,,,
shared-60mhz-poly1305-pipelined-share-chacha20-poly1305-decrypt-recovery-20261005,b2b-64,64,encrypt/poly1305.data_in,handshake,195,28,9,2,156,0.7567567567567568,1.3214285714285714,0.14358974358974358,2.2974358974358973,0.046153846153846156,0.010256410256410256,,,,,,,,
shared-60mhz-poly1305-pipelined-share-chacha20-poly1305-decrypt-recovery-20261005,b2b-64,64,encrypt/poly1305.epilogue_in,handshake,195,4,0,148,43,1.0,1.0,0.020512820512820513,,0.0,0.7589743589743589,,,,,,,,
shared-60mhz-poly1305-pipelined-share-chacha20-poly1305-decrypt-recovery-20261005,b2b-64,64,encrypt/poly1305.epilogue_out,handshake,195,4,0,20,171,1.0,1.0,0.020512820512820513,,0.0,0.10256410256410256,,,,,,,,
shared-60mhz-poly1305-pipelined-share-chacha20-poly1305-decrypt-recovery-20261005,b2b-64,64,encrypt/poly1305.from_compute,handshake,195,28,0,167,0,1.0,1.0,0.14358974358974358,,0.0,0.8564102564102564,,,,,,,,
shared-60mhz-poly1305-pipelined-share-chacha20-poly1305-decrypt-recovery-20261005,b2b-64,64,encrypt/poly1305.fsm,state,195,,,,,,,,,,,IDLE,,,,,,,
shared-60mhz-poly1305-pipelined-share-chacha20-poly1305-decrypt-recovery-20261005,b2b-64,64,encrypt/poly1305.key_in,handshake,195,4,72,73,46,0.05263157894736842,19.0,0.020512820512820513,,0.36923076923076925,0.37435897435897436,,,,,,,,
shared-60mhz-poly1305-pipelined-share-chacha20-poly1305-decrypt-recovery-20261005,b2b-64,64,encrypt/poly1305.prologue_in,handshake,195,4,0,140,51,1.0,1.0,0.020512820512820513,,0.0,0.717948717948718,,,,,,,,
shared-60mhz-poly1305-pipelined-share-chacha20-poly1305-decrypt-recovery-20261005,b2b-64,64,encrypt/poly1305.prologue_out,handshake,195,4,0,24,167,1.0,1.0,0.020512820512820513,,0.0,0.12307692307692308,,,,,,,,
shared-60mhz-poly1305-pipelined-share-chacha20-poly1305-decrypt-recovery-20261005,b2b-64,64,encrypt/poly1305.tag_out,handshake,195,4,0,56,135,1.0,1.0,0.020512820512820513,,0.0,0.28717948717948716,,,,,,,,
shared-60mhz-poly1305-pipelined-share-chacha20-poly1305-decrypt-recovery-20261005,b2b-64,64,encrypt/poly1305.to_compute,handshake,195,28,0,167,0,1.0,1.0,0.14358974358974358,,0.0,0.8564102564102564,,,,,,,,
shared-60mhz-poly1305-pipelined-share-chacha20-poly1305-decrypt-recovery-20261005,b2b-64,64,encrypt/prep.axis_in,handshake,195,16,21,0,158,0.43243243243243246,2.3125,0.08205128205128205,1.3128205128205128,0.1076923076923077,0.0,,,,,,,,
shared-60mhz-poly1305-pipelined-share-chacha20-poly1305-decrypt-recovery-20261005,b2b-64,64,encrypt/prep.axis_out,handshake,195,28,9,2,156,0.7567567567567568,1.3214285714285714,0.14358974358974358,2.2974358974358973,0.046153846153846156,0.010256410256410256,,,,,,,,
shared-60mhz-poly1305-pipelined-share-chacha20-poly1305-decrypt-recovery-20261005,b2b-64,64,encrypt/prep.fsm,state,195,,,,,,,,,,,IDLE,,,,,,,
shared-60mhz-poly1305-pipelined-share-chacha20-poly1305-decrypt-recovery-20261005,b2b-64,64,shared/pipe.arb,arb,195,,,,,,,,,,,,,,,,,,
shared-60mhz-poly1305-pipelined-share-chacha20-poly1305-decrypt-recovery-20261005,b2b-64,64,shared/pipe.dec_in,handshake,195,8,2,182,3,0.8,1.25,0.041025641025641026,,0.010256410256410256,0.9333333333333333,,,,,,,,
shared-60mhz-poly1305-pipelined-share-chacha20-poly1305-decrypt-recovery-20261005,b2b-64,64,shared/pipe.dec_out,handshake,195,8,39,93,55,0.1702127659574468,5.875,0.041025641025641026,,0.2,0.47692307692307695,,,,,,,,
shared-60mhz-poly1305-pipelined-share-chacha20-poly1305-decrypt-recovery-20261005,b2b-64,64,shared/pipe.enc_in,handshake,195,8,1,182,4,0.8888888888888888,1.125,0.041025641025641026,,0.005128205128205128,0.9333333333333333,,,,,,,,
shared-60mhz-poly1305-pipelined-share-chacha20-poly1305-decrypt-recovery-20261005,b2b-64,64,shared/pipe.enc_out,handshake,195,8,72,86,29,0.1,10.0,0.041025641025641026,,0.36923076923076925,0.441025641025641,,,,,,,,
shared-60mhz-poly1305-pipelined-share-chacha20-poly1305-decrypt-recovery-20261005,b2b-64,64,shared/poly1305.epilogue.arb,arb,195,,,,,,,,,,,,,,,,,,
shared-60mhz-poly1305-pipelined-share-chacha20-poly1305-decrypt-recovery-20261005,b2b-64,64,shared/poly1305.epilogue.dec_in,handshake,195,4,1,148,42,0.8,1.25,0.020512820512820513,,0.005128205128205128,0.7589743589743589,,,,,,,,
shared-60mhz-poly1305-pipelined-share-chacha20-poly1305-decrypt-recovery-20261005,b2b-64,64,shared/poly1305.epilogue.dec_out,handshake,195,4,0,20,171,1.0,1.0,0.020512820512820513,,0.0,0.10256410256410256,,,,,,,,
shared-60mhz-poly1305-pipelined-share-chacha20-poly1305-decrypt-recovery-20261005,b2b-64,64,shared/poly1305.epilogue.enc_in,handshake,195,4,0,148,43,1.0,1.0,0.020512820512820513,,0.0,0.7589743589743589,,,,,,,,
shared-60mhz-poly1305-pipelined-share-chacha20-poly1305-decrypt-recovery-20261005,b2b-64,64,shared/poly1305.epilogue.enc_out,handshake,195,4,0,20,171,1.0,1.0,0.020512820512820513,,0.0,0.10256410256410256,,,,,,,,
shared-60mhz-poly1305-pipelined-share-chacha20-poly1305-decrypt-recovery-20261005,b2b-64,64,shared/poly1305.epilogue.service,state,195,,,,,,,,,,,IDLE,,,,,,,
shared-60mhz-poly1305-pipelined-share-chacha20-poly1305-decrypt-recovery-20261005,b2b-64,64,shared/poly1305.epilogue.service_in,handshake,195,8,1,147,39,0.8888888888888888,1.125,0.041025641025641026,,0.005128205128205128,0.7538461538461538,,,,,,,,
shared-60mhz-poly1305-pipelined-share-chacha20-poly1305-decrypt-recovery-20261005,b2b-64,64,shared/poly1305.epilogue.service_out,handshake,195,8,0,0,187,1.0,1.0,0.041025641025641026,,0.0,0.0,,,,,,,,
shared-60mhz-poly1305-pipelined-share-chacha20-poly1305-decrypt-recovery-20261005,b2b-64,64,shared/poly1305.prologue.arb,arb,195,,,,,,,,,,,,,,,,,,
shared-60mhz-poly1305-pipelined-share-chacha20-poly1305-decrypt-recovery-20261005,b2b-64,64,shared/poly1305.prologue.dec_in,handshake,195,4,11,140,40,0.26666666666666666,3.75,0.020512820512820513,,0.05641025641025641,0.717948717948718,,,,,,,,
shared-60mhz-poly1305-pipelined-share-chacha20-poly1305-decrypt-recovery-20261005,b2b-64,64,shared/poly1305.prologue.dec_out,handshake,195,4,0,24,167,1.0,1.0,0.020512820512820513,,0.0,0.12307692307692308,,,,,,,,
shared-60mhz-poly1305-pipelined-share-chacha20-poly1305-decrypt-recovery-20261005,b2b-64,64,shared/poly1305.prologue.enc_in,handshake,195,4,0,140,51,1.0,1.0,0.020512820512820513,,0.0,0.717948717948718,,,,,,,,
shared-60mhz-poly1305-pipelined-share-chacha20-poly1305-decrypt-recovery-20261005,b2b-64,64,shared/poly1305.prologue.enc_out,handshake,195,4,0,24,167,1.0,1.0,0.020512820512820513,,0.0,0.12307692307692308,,,,,,,,
shared-60mhz-poly1305-pipelined-share-chacha20-poly1305-decrypt-recovery-20261005,b2b-64,64,shared/poly1305.prologue.service,state,195,,,,,,,,,,,IDLE,,,,,,,
shared-60mhz-poly1305-pipelined-share-chacha20-poly1305-decrypt-recovery-20261005,b2b-64,64,shared/poly1305.prologue.service_in,handshake,195,8,11,139,37,0.42105263157894735,2.375,0.041025641025641026,,0.05641025641025641,0.7128205128205128,,,,,,,,
shared-60mhz-poly1305-pipelined-share-chacha20-poly1305-decrypt-recovery-20261005,b2b-64,64,shared/poly1305.prologue.service_out,handshake,195,8,0,0,187,1.0,1.0,0.041025641025641026,,0.0,0.0,,,,,,,,
shared-60mhz-poly1305-pipelined-share-chacha20-poly1305-decrypt-recovery-20261005,b2b-256,256,decrypt/auth_fifo.in,handshake,282,64,0,218,0,1.0,1.0,0.22695035460992907,3.631205673758865,0.0,0.7730496453900709,,,,,,,,
shared-60mhz-poly1305-pipelined-share-chacha20-poly1305-decrypt-recovery-20261005,b2b-256,256,decrypt/auth_fifo.occupancy,buffer,282,,,,,,,,,,,,65,32,0,0,64,64,9
shared-60mhz-poly1305-pipelined-share-chacha20-poly1305-decrypt-recovery-20261005,b2b-256,256,decrypt/auth_fifo.out,handshake,282,64,172,0,46,0.2711864406779661,3.6875,0.22695035460992907,3.631205673758865,0.6099290780141844,0.0,,,,,,,,
shared-60mhz-poly1305-pipelined-share-chacha20-poly1305-decrypt-recovery-20261005,b2b-256,256,decrypt/chacha20.axis_in,handshake,282,64,6,7,205,0.9142857142857143,1.09375,0.22695035460992907,3.631205673758865,0.02127659574468085,0.024822695035460994,,,,,,,,
shared-60mhz-poly1305-pipelined-share-chacha20-poly1305-decrypt-recovery-20261005,b2b-256,256,decrypt/chacha20.axis_out,handshake,282,64,0,218,0,1.0,1.0,0.22695035460992907,3.631205673758865,0.0,0.7730496453900709,,,,,,,,
shared-60mhz-poly1305-pipelined-share-chacha20-poly1305-decrypt-recovery-20261005,b2b-256,256,decrypt/chacha20.from_pipeline,handshake,282,20,52,140,70,0.2777777777777778,3.6,0.07092198581560284,,0.18439716312056736,0.49645390070921985,,,,,,,,
shared-60mhz-poly1305-pipelined-share-chacha20-poly1305-decrypt-recovery-20261005,b2b-256,256,decrypt/chacha20.in_state,state,282,,,,,,,,,,,POLY_KEY,,,,,,,
shared-60mhz-poly1305-pipelined-share-chacha20-poly1305-decrypt-recovery-20261005,b2b-256,256,decrypt/chacha20.key_out,handshake,282,4,34,107,137,0.10526315789473684,9.5,0.014184397163120567,,0.12056737588652482,0.37943262411347517,,,,,,,,
shared-60mhz-poly1305-pipelined-share-chacha20-poly1305-decrypt-recovery-20261005,b2b-256,256,decrypt/chacha20.out_state,state,282,,,,,,,,,,,POLY_KEY,,,,,,,
shared-60mhz-poly1305-pipelined-share-chacha20-poly1305-decrypt-recovery-20261005,b2b-256,256,decrypt/chacha20.to_pipeline,handshake,282,20,2,251,9,0.9090909090909091,1.1,0.07092198581560284,,0.0070921985815602835,0.8900709219858156,,,,,,,,
shared-60mhz-poly1305-pipelined-share-chacha20-poly1305-decrypt-recovery-20261005,b2b-256,256,decrypt/poly1305.data_in,handshake,282,76,157,0,49,0.3261802575107296,3.0657894736842106,0.2695035460992908,4.3120567375886525,0.5567375886524822,0.0,,,,,,,,
shared-60mhz-poly1305-pipelined-share-chacha20-poly1305-decrypt-recovery-20261005,b2b-256,256,decrypt/poly1305.epilogue_in,handshake,282,4,1,235,42,0.8,1.25,0.014184397163120567,,0.0035460992907801418,0.8333333333333334,,,,,,,,
shared-60mhz-poly1305-pipelined-share-chacha20-poly1305-decrypt-recovery-20261005,b2b-256,256,decrypt/poly1305.epilogue_out,handshake,282,4,0,20,258,1.0,1.0,0.014184397163120567,,0.0,0.07092198581560284,,,,,,,,
shared-60mhz-poly1305-pipelined-share-chacha20-poly1305-decrypt-recovery-20261005,b2b-256,256,decrypt/poly1305.from_compute,handshake,282,76,0,206,0,1.0,1.0,0.2695035460992908,,0.0,0.7304964539007093,,,,,,,,
shared-60mhz-poly1305-pipelined-share-chacha20-poly1305-decrypt-recovery-20261005,b2b-256,256,decrypt/poly1305.fsm,state,282,,,,,,,,,,,IDLE,,,,,,,
shared-60mhz-poly1305-pipelined-share-chacha20-poly1305-decrypt-recovery-20261005,b2b-256,256,decrypt/poly1305.key_in,handshake,282,4,34,107,137,0.10526315789473684,9.5,0.014184397163120567,,0.12056737588652482,0.37943262411347517,,,,,,,,
shared-60mhz-poly1305-pipelined-share-chacha20-poly1305-decrypt-recovery-20261005,b2b-256,256,decrypt/poly1305.prologue_in,handshake,282,4,6,227,45,0.4,2.5,0.014184397163120567,,0.02127659574468085,0.8049645390070922,,,,,,,,
shared-60mhz-poly1305-pipelined-share-chacha20-poly1305-decrypt-recovery-20261005,b2b-256,256,decrypt/poly1305.prologue_out,handshake,282,4,0,24,254,1.0,1.0,0.014184397163120567,,0.0,0.0851063829787234,,,,,,,,
shared-60mhz-poly1305-pipelined-share-chacha20-poly1305-decrypt-recovery-20261005,b2b-256,256,decrypt/poly1305.tag_out,handshake,282,4,0,223,55,1.0,1.0,0.014184397163120567,,0.0,0.7907801418439716,,,,,,,,
shared-60mhz-poly1305-pipelined-share-chacha20-poly1305-decrypt-recovery-20261005,b2b-256,256,decrypt/poly1305.to_compute,handshake,282,76,0,206,0,1.0,1.0,0.2695035460992908,,0.0,0.7304964539007093,,,,,,,,
shared-60mhz-poly1305-pipelined-share-chacha20-poly1305-decrypt-recovery-20261005,b2b-256,256,decrypt/prep.axis_in,handshake,282,64,172,0,46,0.2711864406779661,3.6875,0.22695035460992907,3.631205673758865,0.6099290780141844,0.0,,,,,,,,
shared-60mhz-poly1305-pipelined-share-chacha20-poly1305-decrypt-recovery-20261005,b2b-256,256,decrypt/prep.axis_out,handshake,282,76,157,0,49,0.3261802575107296,3.0657894736842106,0.2695035460992908,4.3120567375886525,0.5567375886524822,0.0,,,,,,,,
shared-60mhz-poly1305-pipelined-share-chacha20-poly1305-decrypt-recovery-20261005,b2b-256,256,decrypt/prep.fsm,state,282,,,,,,,,,,,AAD_STATE,,,,,,,
shared-60mhz-poly1305-pipelined-share-chacha20-poly1305-decrypt-recovery-20261005,b2b-256,256,decrypt/strip.axis_in,handshake,282,68,66,66,82,0.5074626865671642,1.9705882352941178,0.24113475177304963,3.858156028368794,0.23404255319148937,0.23404255319148937,,,,,,,,
shared-60mhz-poly1305-pipelined-share-chacha20-poly1305-decrypt-recovery-20261005,b2b-256,256,decrypt/strip.axis_out,handshake,282,64,6,7,205,0.9142857142857143,1.09375,0.22695035460992907,3.631205673758865,0.02127659574468085,0.024822695035460994,,,,,,,,
shared-60mhz-poly1305-pipelined-share-chacha20-poly1305-decrypt-recovery-20261005,b2b-256,256,decrypt/strip.tag_out,handshake,282,4,142,43,93,0.0273972602739726,36.5,0.014184397163120567,,0.5035460992907801,0.1524822695035461,,,,,,,,
shared-60mhz-poly1305-pipelined-share-chacha20-poly1305-decrypt-recovery-20261005,b2b-256,256,decrypt/verify.auth_tag,handshake,282,4,142,43,93,0.0273972602739726,36.5,0.014184397163120567,,0.5035460992907801,0.1524822695035461,,,,,,,,
shared-60mhz-poly1305-pipelined-share-chacha20-poly1305-decrypt-recovery-20261005,b2b-256,256,decrypt/verify.calc_tag,handshake,282,4,0,223,55,1.0,1.0,0.014184397163120567,,0.0,0.7907801418439716,,,,,,,,
shared-60mhz-poly1305-pipelined-share-chacha20-poly1305-decrypt-recovery-20261005,b2b-256,256,decrypt/verify.fsm,state,282,,,,,,,,,,,TAKE_CALC_TAG,,,,,,,
shared-60mhz-poly1305-pipelined-share-chacha20-poly1305-decrypt-recovery-20261005,b2b-256,256,decrypt/verify.tags_match,handshake,282,4,0,214,64,1.0,1.0,0.014184397163120567,,0.0,0.7588652482269503,,,,,,,,
shared-60mhz-poly1305-pipelined-share-chacha20-poly1305-decrypt-recovery-20261005,b2b-256,256,decrypt/wtv.axis_in,handshake,282,64,0,218,0,1.0,1.0,0.22695035460992907,3.631205673758865,0.0,0.7730496453900709,,,,,,,,
shared-60mhz-poly1305-pipelined-share-chacha20-poly1305-decrypt-recovery-20261005,b2b-256,256,decrypt/wtv.axis_out,handshake,282,64,0,218,0,1.0,1.0,0.22695035460992907,3.631205673758865,0.0,0.7730496453900709,,,,,,,,
shared-60mhz-poly1305-pipelined-share-chacha20-poly1305-decrypt-recovery-20261005,b2b-256,256,decrypt/wtv.fsm,state,282,,,,,,,,,,,WAIT_TO_VERIFY_BIT,,,,,,,
shared-60mhz-poly1305-pipelined-share-chacha20-poly1305-decrypt-recovery-20261005,b2b-256,256,decrypt/wtv.verify_bit,handshake,282,4,0,214,64,1.0,1.0,0.014184397163120567,,0.0,0.7588652482269503,,,,,,,,
shared-60mhz-poly1305-pipelined-share-chacha20-poly1305-decrypt-recovery-20261005,b2b-256,256,encrypt/append.axis_in,handshake,282,64,0,158,60,1.0,1.0,0.22695035460992907,3.631205673758865,0.0,0.5602836879432624,,,,,,,,
shared-60mhz-poly1305-pipelined-share-chacha20-poly1305-decrypt-recovery-20261005,b2b-256,256,encrypt/append.axis_out,handshake,282,68,0,214,0,1.0,1.0,0.24113475177304963,3.858156028368794,0.0,0.7588652482269503,,,,,,,,
shared-60mhz-poly1305-pipelined-share-chacha20-poly1305-decrypt-recovery-20261005,b2b-256,256,encrypt/append.fsm,state,282,,,,,,,,,,,CIPHERTEXT,,,,,,,
shared-60mhz-poly1305-pipelined-share-chacha20-poly1305-decrypt-recovery-20261005,b2b-256,256,encrypt/append.tag_in,handshake,282,4,0,56,222,1.0,1.0,0.014184397163120567,,0.0,0.19858156028368795,,,,,,,,
shared-60mhz-poly1305-pipelined-share-chacha20-poly1305-decrypt-recovery-20261005,b2b-256,256,encrypt/chacha20.axis_in,handshake,282,64,5,2,211,0.927536231884058,1.078125,0.22695035460992907,3.631205673758865,0.01773049645390071,0.0070921985815602835,,,,,,,,
shared-60mhz-poly1305-pipelined-share-chacha20-poly1305-decrypt-recovery-20261005,b2b-256,256,encrypt/chacha20.axis_out,handshake,282,64,21,0,197,0.7529411764705882,1.328125,0.22695035460992907,3.631205673758865,0.07446808510638298,0.0,,,,,,,,
shared-60mhz-poly1305-pipelined-share-chacha20-poly1305-decrypt-recovery-20261005,b2b-256,256,encrypt/chacha20.from_pipeline,handshake,282,20,108,125,29,0.15625,6.4,0.07092198581560284,,0.3829787234042553,0.4432624113475177,,,,,,,,
shared-60mhz-poly1305-pipelined-share-chacha20-poly1305-decrypt-recovery-20261005,b2b-256,256,encrypt/chacha20.in_state,state,282,,,,,,,,,,,POLY_KEY,,,,,,,
shared-60mhz-poly1305-pipelined-share-chacha20-poly1305-decrypt-recovery-20261005,b2b-256,256,encrypt/chacha20.key_out,handshake,282,4,59,112,107,0.06349206349206349,15.75,0.014184397163120567,,0.20921985815602837,0.3971631205673759,,,,,,,,
shared-60mhz-poly1305-pipelined-share-chacha20-poly1305-decrypt-recovery-20261005,b2b-256,256,encrypt/chacha20.out_state,state,282,,,,,,,,,,,POLY_KEY,,,,,,,
shared-60mhz-poly1305-pipelined-share-chacha20-poly1305-decrypt-recovery-20261005,b2b-256,256,encrypt/chacha20.to_pipeline,handshake,282,20,1,251,10,0.9523809523809523,1.05,0.07092198581560284,,0.0035460992907801418,0.8900709219858156,,,,,,,,
shared-60mhz-poly1305-pipelined-share-chacha20-poly1305-decrypt-recovery-20261005,b2b-256,256,encrypt/output_slice.in,handshake,282,68,0,214,0,1.0,1.0,0.24113475177304963,3.858156028368794,0.0,0.7588652482269503,,,,,,,,
shared-60mhz-poly1305-pipelined-share-chacha20-poly1305-decrypt-recovery-20261005,b2b-256,256,encrypt/output_slice.occupancy,buffer,282,,,,,,,,,,,,2,1,0,0,68,68,60
shared-60mhz-poly1305-pipelined-share-chacha20-poly1305-decrypt-recovery-20261005,b2b-256,256,encrypt/output_slice.out,handshake,282,68,0,214,0,1.0,1.0,0.24113475177304963,3.858156028368794,0.0,0.7588652482269503,,,,,,,,
shared-60mhz-poly1305-pipelined-share-chacha20-poly1305-decrypt-recovery-20261005,b2b-256,256,encrypt/poly1305.data_in,handshake,282,76,9,2,195,0.8941176470588236,1.118421052631579,0.2695035460992908,4.3120567375886525,0.031914893617021274,0.0070921985815602835,,,,,,,,
shared-60mhz-poly1305-pipelined-share-chacha20-poly1305-decrypt-recovery-20261005,b2b-256,256,encrypt/poly1305.epilogue_in,handshake,282,4,0,235,43,1.0,1.0,0.014184397163120567,,0.0,0.8333333333333334,,,,,,,,
shared-60mhz-poly1305-pipelined-share-chacha20-poly1305-decrypt-recovery-20261005,b2b-256,256,encrypt/poly1305.epilogue_out,handshake,282,4,0,20,258,1.0,1.0,0.014184397163120567,,0.0,0.07092198581560284,,,,,,,,
shared-60mhz-poly1305-pipelined-share-chacha20-poly1305-decrypt-recovery-20261005,b2b-256,256,encrypt/poly1305.from_compute,handshake,282,76,0,206,0,1.0,1.0,0.2695035460992908,,0.0,0.7304964539007093,,,,,,,,
shared-60mhz-poly1305-pipelined-share-chacha20-poly1305-decrypt-recovery-20261005,b2b-256,256,encrypt/poly1305.fsm,state,282,,,,,,,,,,,IDLE,,,,,,,
shared-60mhz-poly1305-pipelined-share-chacha20-poly1305-decrypt-recovery-20261005,b2b-256,256,encrypt/poly1305.key_in,handshake,282,4,59,112,107,0.06349206349206349,15.75,0.014184397163120567,,0.20921985815602837,0.3971631205673759,,,,,,,,
shared-60mhz-poly1305-pipelined-share-chacha20-poly1305-decrypt-recovery-20261005,b2b-256,256,encrypt/poly1305.prologue_in,handshake,282,4,0,227,51,1.0,1.0,0.014184397163120567,,0.0,0.8049645390070922,,,,,,,,
shared-60mhz-poly1305-pipelined-share-chacha20-poly1305-decrypt-recovery-20261005,b2b-256,256,encrypt/poly1305.prologue_out,handshake,282,4,0,24,254,1.0,1.0,0.014184397163120567,,0.0,0.0851063829787234,,,,,,,,
shared-60mhz-poly1305-pipelined-share-chacha20-poly1305-decrypt-recovery-20261005,b2b-256,256,encrypt/poly1305.tag_out,handshake,282,4,0,56,222,1.0,1.0,0.014184397163120567,,0.0,0.19858156028368795,,,,,,,,
shared-60mhz-poly1305-pipelined-share-chacha20-poly1305-decrypt-recovery-20261005,b2b-256,256,encrypt/poly1305.to_compute,handshake,282,76,0,206,0,1.0,1.0,0.2695035460992908,,0.0,0.7304964539007093,,,,,,,,
shared-60mhz-poly1305-pipelined-share-chacha20-poly1305-decrypt-recovery-20261005,b2b-256,256,encrypt/prep.axis_in,handshake,282,64,21,0,197,0.7529411764705882,1.328125,0.22695035460992907,3.631205673758865,0.07446808510638298,0.0,,,,,,,,
shared-60mhz-poly1305-pipelined-share-chacha20-poly1305-decrypt-recovery-20261005,b2b-256,256,encrypt/prep.axis_out,handshake,282,76,9,2,195,0.8941176470588236,1.118421052631579,0.2695035460992908,4.3120567375886525,0.031914893617021274,0.0070921985815602835,,,,,,,,
shared-60mhz-poly1305-pipelined-share-chacha20-poly1305-decrypt-recovery-20261005,b2b-256,256,encrypt/prep.fsm,state,282,,,,,,,,,,,IDLE,,,,,,,
shared-60mhz-poly1305-pipelined-share-chacha20-poly1305-decrypt-recovery-20261005,b2b-256,256,shared/pipe.arb,arb,282,,,,,,,,,,,,,,,,,,
shared-60mhz-poly1305-pipelined-share-chacha20-poly1305-decrypt-recovery-20261005,b2b-256,256,shared/pipe.dec_in,handshake,282,20,2,251,9,0.9090909090909091,1.1,0.07092198581560284,,0.0070921985815602835,0.8900709219858156,,,,,,,,
shared-60mhz-poly1305-pipelined-share-chacha20-poly1305-decrypt-recovery-20261005,b2b-256,256,shared/pipe.dec_out,handshake,282,20,52,140,70,0.2777777777777778,3.6,0.07092198581560284,,0.18439716312056736,0.49645390070921985,,,,,,,,
shared-60mhz-poly1305-pipelined-share-chacha20-poly1305-decrypt-recovery-20261005,b2b-256,256,shared/pipe.enc_in,handshake,282,20,1,251,10,0.9523809523809523,1.05,0.07092198581560284,,0.0035460992907801418,0.8900709219858156,,,,,,,,
shared-60mhz-poly1305-pipelined-share-chacha20-poly1305-decrypt-recovery-20261005,b2b-256,256,shared/pipe.enc_out,handshake,282,20,108,125,29,0.15625,6.4,0.07092198581560284,,0.3829787234042553,0.4432624113475177,,,,,,,,
shared-60mhz-poly1305-pipelined-share-chacha20-poly1305-decrypt-recovery-20261005,b2b-256,256,shared/poly1305.epilogue.arb,arb,282,,,,,,,,,,,,,,,,,,
shared-60mhz-poly1305-pipelined-share-chacha20-poly1305-decrypt-recovery-20261005,b2b-256,256,shared/poly1305.epilogue.dec_in,handshake,282,4,1,235,42,0.8,1.25,0.014184397163120567,,0.0035460992907801418,0.8333333333333334,,,,,,,,
shared-60mhz-poly1305-pipelined-share-chacha20-poly1305-decrypt-recovery-20261005,b2b-256,256,shared/poly1305.epilogue.dec_out,handshake,282,4,0,20,258,1.0,1.0,0.014184397163120567,,0.0,0.07092198581560284,,,,,,,,
shared-60mhz-poly1305-pipelined-share-chacha20-poly1305-decrypt-recovery-20261005,b2b-256,256,shared/poly1305.epilogue.enc_in,handshake,282,4,0,235,43,1.0,1.0,0.014184397163120567,,0.0,0.8333333333333334,,,,,,,,
shared-60mhz-poly1305-pipelined-share-chacha20-poly1305-decrypt-recovery-20261005,b2b-256,256,shared/poly1305.epilogue.enc_out,handshake,282,4,0,20,258,1.0,1.0,0.014184397163120567,,0.0,0.07092198581560284,,,,,,,,
shared-60mhz-poly1305-pipelined-share-chacha20-poly1305-decrypt-recovery-20261005,b2b-256,256,shared/poly1305.epilogue.service,state,282,,,,,,,,,,,IDLE,,,,,,,
shared-60mhz-poly1305-pipelined-share-chacha20-poly1305-decrypt-recovery-20261005,b2b-256,256,shared/poly1305.epilogue.service_in,handshake,282,8,1,234,39,0.8888888888888888,1.125,0.028368794326241134,,0.0035460992907801418,0.8297872340425532,,,,,,,,
shared-60mhz-poly1305-pipelined-share-chacha20-poly1305-decrypt-recovery-20261005,b2b-256,256,shared/poly1305.epilogue.service_out,handshake,282,8,0,0,274,1.0,1.0,0.028368794326241134,,0.0,0.0,,,,,,,,
shared-60mhz-poly1305-pipelined-share-chacha20-poly1305-decrypt-recovery-20261005,b2b-256,256,shared/poly1305.prologue.arb,arb,282,,,,,,,,,,,,,,,,,,
shared-60mhz-poly1305-pipelined-share-chacha20-poly1305-decrypt-recovery-20261005,b2b-256,256,shared/poly1305.prologue.dec_in,handshake,282,4,6,227,45,0.4,2.5,0.014184397163120567,,0.02127659574468085,0.8049645390070922,,,,,,,,
shared-60mhz-poly1305-pipelined-share-chacha20-poly1305-decrypt-recovery-20261005,b2b-256,256,shared/poly1305.prologue.dec_out,handshake,282,4,0,24,254,1.0,1.0,0.014184397163120567,,0.0,0.0851063829787234,,,,,,,,
shared-60mhz-poly1305-pipelined-share-chacha20-poly1305-decrypt-recovery-20261005,b2b-256,256,shared/poly1305.prologue.enc_in,handshake,282,4,0,227,51,1.0,1.0,0.014184397163120567,,0.0,0.8049645390070922,,,,,,,,
shared-60mhz-poly1305-pipelined-share-chacha20-poly1305-decrypt-recovery-20261005,b2b-256,256,shared/poly1305.prologue.enc_out,handshake,282,4,0,24,254,1.0,1.0,0.014184397163120567,,0.0,0.0851063829787234,,,,,,,,
shared-60mhz-poly1305-pipelined-share-chacha20-poly1305-decrypt-recovery-20261005,b2b-256,256,shared/poly1305.prologue.service,state,282,,,,,,,,,,,IDLE,,,,,,,
shared-60mhz-poly1305-pipelined-share-chacha20-poly1305-decrypt-recovery-20261005,b2b-256,256,shared/poly1305.prologue.service_in,handshake,282,8,6,226,42,0.5714285714285714,1.75,0.028368794326241134,,0.02127659574468085,0.8014184397163121,,,,,,,,
shared-60mhz-poly1305-pipelined-share-chacha20-poly1305-decrypt-recovery-20261005,b2b-256,256,shared/poly1305.prologue.service_out,handshake,282,8,0,0,274,1.0,1.0,0.028368794326241134,,0.0,0.0,,,,,,,,
shared-60mhz-poly1305-pipelined-share-chacha20-poly1305-decrypt-recovery-20261005,b2b-1024,1024,decrypt/auth_fifo.in,handshake,466,256,0,210,0,1.0,1.0,0.5493562231759657,8.78969957081545,0.0,0.45064377682403434,,,,,,,,
shared-60mhz-poly1305-pipelined-share-chacha20-poly1305-decrypt-recovery-20261005,b2b-1024,1024,decrypt/auth_fifo.occupancy,buffer,466,,,,,,,,,,,,65,55,0,0,256,256,179
shared-60mhz-poly1305-pipelined-share-chacha20-poly1305-decrypt-recovery-20261005,b2b-1024,1024,decrypt/auth_fifo.out,handshake,466,256,116,0,94,0.6881720430107527,1.453125,0.5493562231759657,8.78969957081545,0.24892703862660945,0.0,,,,,,,,
shared-60mhz-poly1305-pipelined-share-chacha20-poly1305-decrypt-recovery-20261005,b2b-1024,1024,decrypt/chacha20.axis_in,handshake,466,256,62,5,143,0.8050314465408805,1.2421875,0.5493562231759657,8.78969957081545,0.13304721030042918,0.01072961373390558,,,,,,,,
shared-60mhz-poly1305-pipelined-share-chacha20-poly1305-decrypt-recovery-20261005,b2b-1024,1024,decrypt/chacha20.axis_out,handshake,466,256,0,210,0,1.0,1.0,0.5493562231759657,8.78969957081545,0.0,0.45064377682403434,,,,,,,,
shared-60mhz-poly1305-pipelined-share-chacha20-poly1305-decrypt-recovery-20261005,b2b-1024,1024,decrypt/chacha20.from_pipeline,handshake,466,68,16,117,265,0.8095238095238095,1.2352941176470589,0.1459227467811159,,0.034334763948497854,0.2510729613733906,,,,,,,,
shared-60mhz-poly1305-pipelined-share-chacha20-poly1305-decrypt-recovery-20261005,b2b-1024,1024,decrypt/chacha20.in_state,state,466,,,,,,,,,,,PLAINTEXT,,,,,,,
shared-60mhz-poly1305-pipelined-share-chacha20-poly1305-decrypt-recovery-20261005,b2b-1024,1024,decrypt/chacha20.key_out,handshake,466,4,16,97,349,0.2,5.0,0.008583690987124463,,0.034334763948497854,0.20815450643776823,,,,,,,,
shared-60mhz-poly1305-pipelined-share-chacha20-poly1305-decrypt-recovery-20261005,b2b-1024,1024,decrypt/chacha20.out_state,state,466,,,,,,,,,,,PLAINTEXT,,,,,,,
shared-60mhz-poly1305-pipelined-share-chacha20-poly1305-decrypt-recovery-20261005,b2b-1024,1024,decrypt/chacha20.to_pipeline,handshake,466,68,58,222,118,0.5396825396825397,1.8529411764705883,0.1459227467811159,,0.12446351931330472,0.47639484978540775,,,,,,,,
shared-60mhz-poly1305-pipelined-share-chacha20-poly1305-decrypt-recovery-20261005,b2b-1024,1024,decrypt/poly1305.data_in,handshake,466,268,101,0,97,0.7262872628726287,1.376865671641791,0.575107296137339,9.201716738197424,0.2167381974248927,0.0,,,,,,,,
shared-60mhz-poly1305-pipelined-share-chacha20-poly1305-decrypt-recovery-20261005,b2b-1024,1024,decrypt/poly1305.epilogue_in,handshake,466,4,1,418,43,0.8,1.25,0.008583690987124463,,0.002145922746781116,0.8969957081545065,,,,,,,,
shared-60mhz-poly1305-pipelined-share-chacha20-poly1305-decrypt-recovery-20261005,b2b-1024,1024,decrypt/poly1305.epilogue_out,handshake,466,4,0,20,442,1.0,1.0,0.008583690987124463,,0.0,0.04291845493562232,,,,,,,,
shared-60mhz-poly1305-pipelined-share-chacha20-poly1305-decrypt-recovery-20261005,b2b-1024,1024,decrypt/poly1305.from_compute,handshake,466,268,0,198,0,1.0,1.0,0.575107296137339,,0.0,0.4248927038626609,,,,,,,,
shared-60mhz-poly1305-pipelined-share-chacha20-poly1305-decrypt-recovery-20261005,b2b-1024,1024,decrypt/poly1305.fsm,state,466,,,,,,,,,,,STREAM_BODY,,,,,,,
shared-60mhz-poly1305-pipelined-share-chacha20-poly1305-decrypt-recovery-20261005,b2b-1024,1024,decrypt/poly1305.key_in,handshake,466,4,16,97,349,0.2,5.0,0.008583690987124463,,0.034334763948497854,0.20815450643776823,,,,,,,,
shared-60mhz-poly1305-pipelined-share-chacha20-poly1305-decrypt-recovery-20261005,b2b-1024,1024,decrypt/poly1305.prologue_in,handshake,466,4,8,410,44,0.3333333333333333,3.0,0.008583690987124463,,0.017167381974248927,0.8798283261802575,,,,,,,,
shared-60mhz-poly1305-pipelined-share-chacha20-poly1305-decrypt-recovery-20261005,b2b-1024,1024,decrypt/poly1305.prologue_out,handshake,466,4,0,24,438,1.0,1.0,0.008583690987124463,,0.0,0.05150214592274678,,,,,,,,
shared-60mhz-poly1305-pipelined-share-chacha20-poly1305-decrypt-recovery-20261005,b2b-1024,1024,decrypt/poly1305.tag_out,handshake,466,4,0,254,208,1.0,1.0,0.008583690987124463,,0.0,0.5450643776824035,,,,,,,,
shared-60mhz-poly1305-pipelined-share-chacha20-poly1305-decrypt-recovery-20261005,b2b-1024,1024,decrypt/poly1305.to_compute,handshake,466,268,0,198,0,1.0,1.0,0.575107296137339,,0.0,0.4248927038626609,,,,,,,,
shared-60mhz-poly1305-pipelined-share-chacha20-poly1305-decrypt-recovery-20261005,b2b-1024,1024,decrypt/prep.axis_in,handshake,466,256,116,0,94,0.6881720430107527,1.453125,0.5493562231759657,8.78969957081545,0.24892703862660945,0.0,,,,,,,,
shared-60mhz-poly1305-pipelined-share-chacha20-poly1305-decrypt-recovery-20261005,b2b-1024,1024,decrypt/prep.axis_out,handshake,466,268,101,0,97,0.7262872628726287,1.376865671641791,0.575107296137339,9.201716738197424,0.2167381974248927,0.0,,,,,,,,
shared-60mhz-poly1305-pipelined-share-chacha20-poly1305-decrypt-recovery-20261005,b2b-1024,1024,decrypt/prep.fsm,state,466,,,,,,,,,,,CIPHERTEXT,,,,,,,
shared-60mhz-poly1305-pipelined-share-chacha20-poly1305-decrypt-recovery-20261005,b2b-1024,1024,decrypt/strip.axis_in,handshake,466,260,62,144,0,0.8074534161490683,1.2384615384615385,0.5579399141630901,8.927038626609441,0.13304721030042918,0.3090128755364807,,,,,,,,
shared-60mhz-poly1305-pipelined-share-chacha20-poly1305-decrypt-recovery-20261005,b2b-1024,1024,decrypt/strip.axis_out,handshake,466,256,62,5,143,0.8050314465408805,1.2421875,0.5493562231759657,8.78969957081545,0.13304721030042918,0.01072961373390558,,,,,,,,
shared-60mhz-poly1305-pipelined-share-chacha20-poly1305-decrypt-recovery-20261005,b2b-1024,1024,decrypt/strip.tag_out,handshake,466,4,0,196,266,1.0,1.0,0.008583690987124463,,0.0,0.4206008583690987,,,,,,,,
shared-60mhz-poly1305-pipelined-share-chacha20-poly1305-decrypt-recovery-20261005,b2b-1024,1024,decrypt/verify.auth_tag,handshake,466,4,0,196,266,1.0,1.0,0.008583690987124463,,0.0,0.4206008583690987,,,,,,,,
shared-60mhz-poly1305-pipelined-share-chacha20-poly1305-decrypt-recovery-20261005,b2b-1024,1024,decrypt/verify.calc_tag,handshake,466,4,0,254,208,1.0,1.0,0.008583690987124463,,0.0,0.5450643776824035,,,,,,,,
shared-60mhz-poly1305-pipelined-share-chacha20-poly1305-decrypt-recovery-20261005,b2b-1024,1024,decrypt/verify.fsm,state,466,,,,,,,,,,,TAKE_CALC_TAG,,,,,,,
shared-60mhz-poly1305-pipelined-share-chacha20-poly1305-decrypt-recovery-20261005,b2b-1024,1024,decrypt/verify.tags_match,handshake,466,4,0,206,256,1.0,1.0,0.008583690987124463,,0.0,0.44206008583690987,,,,,,,,
shared-60mhz-poly1305-pipelined-share-chacha20-poly1305-decrypt-recovery-20261005,b2b-1024,1024,decrypt/wtv.axis_in,handshake,466,256,0,210,0,1.0,1.0,0.5493562231759657,8.78969957081545,0.0,0.45064377682403434,,,,,,,,
shared-60mhz-poly1305-pipelined-share-chacha20-poly1305-decrypt-recovery-20261005,b2b-1024,1024,decrypt/wtv.axis_out,handshake,466,256,0,210,0,1.0,1.0,0.5493562231759657,8.78969957081545,0.0,0.45064377682403434,,,,,,,,
shared-60mhz-poly1305-pipelined-share-chacha20-poly1305-decrypt-recovery-20261005,b2b-1024,1024,decrypt/wtv.fsm,state,466,,,,,,,,,,,OUTPUT_PLAINTEXT,,,,,,,
shared-60mhz-poly1305-pipelined-share-chacha20-poly1305-decrypt-recovery-20261005,b2b-1024,1024,decrypt/wtv.verify_bit,handshake,466,4,0,206,256,1.0,1.0,0.008583690987124463,,0.0,0.44206008583690987,,,,,,,,
shared-60mhz-poly1305-pipelined-share-chacha20-poly1305-decrypt-recovery-20261005,b2b-1024,1024,encrypt/append.axis_in,handshake,466,256,0,150,60,1.0,1.0,0.5493562231759657,8.78969957081545,0.0,0.3218884120171674,,,,,,,,
shared-60mhz-poly1305-pipelined-share-chacha20-poly1305-decrypt-recovery-20261005,b2b-1024,1024,encrypt/append.axis_out,handshake,466,260,0,206,0,1.0,1.0,0.5579399141630901,8.927038626609441,0.0,0.44206008583690987,,,,,,,,
shared-60mhz-poly1305-pipelined-share-chacha20-poly1305-decrypt-recovery-20261005,b2b-1024,1024,encrypt/append.fsm,state,466,,,,,,,,,,,CIPHERTEXT,,,,,,,
shared-60mhz-poly1305-pipelined-share-chacha20-poly1305-decrypt-recovery-20261005,b2b-1024,1024,encrypt/append.tag_in,handshake,466,4,0,56,406,1.0,1.0,0.008583690987124463,,0.0,0.12017167381974249,,,,,,,,
shared-60mhz-poly1305-pipelined-share-chacha20-poly1305-decrypt-recovery-20261005,b2b-1024,1024,encrypt/chacha20.axis_in,handshake,466,256,64,2,144,0.8,1.25,0.5493562231759657,8.78969957081545,0.13733905579399142,0.004291845493562232,,,,,,,,
shared-60mhz-poly1305-pipelined-share-chacha20-poly1305-decrypt-recovery-20261005,b2b-1024,1024,encrypt/chacha20.axis_out,handshake,466,256,12,0,198,0.9552238805970149,1.046875,0.5493562231759657,8.78969957081545,0.02575107296137339,0.0,,,,,,,,
shared-60mhz-poly1305-pipelined-share-chacha20-poly1305-decrypt-recovery-20261005,b2b-1024,1024,encrypt/chacha20.from_pipeline,handshake,466,68,187,126,85,0.26666666666666666,3.75,0.1459227467811159,,0.4012875536480687,0.2703862660944206,,,,,,,,
shared-60mhz-poly1305-pipelined-share-chacha20-poly1305-decrypt-recovery-20261005,b2b-1024,1024,encrypt/chacha20.in_state,state,466,,,,,,,,,,,PLAINTEXT,,,,,,,
shared-60mhz-poly1305-pipelined-share-chacha20-poly1305-decrypt-recovery-20261005,b2b-1024,1024,encrypt/chacha20.key_out,handshake,466,4,57,102,303,0.06557377049180328,15.25,0.008583690987124463,,0.1223175965665236,0.21888412017167383,,,,,,,,
shared-60mhz-poly1305-pipelined-share-chacha20-poly1305-decrypt-recovery-20261005,b2b-1024,1024,encrypt/chacha20.out_state,state,466,,,,,,,,,,,PLAINTEXT,,,,,,,
shared-60mhz-poly1305-pipelined-share-chacha20-poly1305-decrypt-recovery-20261005,b2b-1024,1024,encrypt/chacha20.to_pipeline,handshake,466,68,60,222,116,0.53125,1.8823529411764706,0.1459227467811159,,0.12875536480686695,0.47639484978540775,,,,,,,,
shared-60mhz-poly1305-pipelined-share-chacha20-poly1305-decrypt-recovery-20261005,b2b-1024,1024,encrypt/output_slice.in,handshake,466,260,0,206,0,1.0,1.0,0.5579399141630901,8.927038626609441,0.0,0.44206008583690987,,,,,,,,
shared-60mhz-poly1305-pipelined-share-chacha20-poly1305-decrypt-recovery-20261005,b2b-1024,1024,encrypt/output_slice.occupancy,buffer,466,,,,,,,,,,,,2,1,0,0,260,260,252
shared-60mhz-poly1305-pipelined-share-chacha20-poly1305-decrypt-recovery-20261005,b2b-1024,1024,encrypt/output_slice.out,handshake,466,260,0,206,0,1.0,1.0,0.5579399141630901,8.927038626609441,0.0,0.44206008583690987,,,,,,,,
shared-60mhz-poly1305-pipelined-share-chacha20-poly1305-decrypt-recovery-20261005,b2b-1024,1024,encrypt/poly1305.data_in,handshake,466,268,0,4,194,1.0,1.0,0.575107296137339,9.201716738197424,0.0,0.008583690987124463,,,,,,,,
shared-60mhz-poly1305-pipelined-share-chacha20-poly1305-decrypt-recovery-20261005,b2b-1024,1024,encrypt/poly1305.epilogue_in,handshake,466,4,0,418,44,1.0,1.0,0.008583690987124463,,0.0,0.8969957081545065,,,,,,,,
shared-60mhz-poly1305-pipelined-share-chacha20-poly1305-decrypt-recovery-20261005,b2b-1024,1024,encrypt/poly1305.epilogue_out,handshake,466,4,0,20,442,1.0,1.0,0.008583690987124463,,0.0,0.04291845493562232,,,,,,,,
shared-60mhz-poly1305-pipelined-share-chacha20-poly1305-decrypt-recovery-20261005,b2b-1024,1024,encrypt/poly1305.from_compute,handshake,466,268,0,198,0,1.0,1.0,0.575107296137339,,0.0,0.4248927038626609,,,,,,,,
shared-60mhz-poly1305-pipelined-share-chacha20-poly1305-decrypt-recovery-20261005,b2b-1024,1024,encrypt/poly1305.fsm,state,466,,,,,,,,,,,STREAM_BODY,,,,,,,
shared-60mhz-poly1305-pipelined-share-chacha20-poly1305-decrypt-recovery-20261005,b2b-1024,1024,encrypt/poly1305.key_in,handshake,466,4,57,102,303,0.06557377049180328,15.25,0.008583690987124463,,0.1223175965665236,0.21888412017167383,,,,,,,,
shared-60mhz-poly1305-pipelined-share-chacha20-poly1305-decrypt-recovery-20261005,b2b-1024,1024,encrypt/poly1305.prologue_in,handshake,466,4,0,410,52,1.0,1.0,0.008583690987124463,,0.0,0.8798283261802575,,,,,,,,
shared-60mhz-poly1305-pipelined-share-chacha20-poly1305-decrypt-recovery-20261005,b2b-1024,1024,encrypt/poly1305.prologue_out,handshake,466,4,0,24,438,1.0,1.0,0.008583690987124463,,0.0,0.05150214592274678,,,,,,,,
shared-60mhz-poly1305-pipelined-share-chacha20-poly1305-decrypt-recovery-20261005,b2b-1024,1024,encrypt/poly1305.tag_out,handshake,466,4,0,56,406,1.0,1.0,0.008583690987124463,,0.0,0.12017167381974249,,,,,,,,
shared-60mhz-poly1305-pipelined-share-chacha20-poly1305-decrypt-recovery-20261005,b2b-1024,1024,encrypt/poly1305.to_compute,handshake,466,268,0,198,0,1.0,1.0,0.575107296137339,,0.0,0.4248927038626609,,,,,,,,
shared-60mhz-poly1305-pipelined-share-chacha20-poly1305-decrypt-recovery-20261005,b2b-1024,1024,encrypt/prep.axis_in,handshake,466,256,12,0,198,0.9552238805970149,1.046875,0.5493562231759657,8.78969957081545,0.02575107296137339,0.0,,,,,,,,
shared-60mhz-poly1305-pipelined-share-chacha20-poly1305-decrypt-recovery-20261005,b2b-1024,1024,encrypt/prep.axis_out,handshake,466,268,0,4,194,1.0,1.0,0.575107296137339,9.201716738197424,0.0,0.008583690987124463,,,,,,,,
shared-60mhz-poly1305-pipelined-share-chacha20-poly1305-decrypt-recovery-20261005,b2b-1024,1024,encrypt/prep.fsm,state,466,,,,,,,,,,,CIPHERTEXT,,,,,,,
shared-60mhz-poly1305-pipelined-share-chacha20-poly1305-decrypt-recovery-20261005,b2b-1024,1024,shared/pipe.arb,arb,466,,,,,,,,,,,,,,,,,,
shared-60mhz-poly1305-pipelined-share-chacha20-poly1305-decrypt-recovery-20261005,b2b-1024,1024,shared/pipe.dec_in,handshake,466,68,58,222,118,0.5396825396825397,1.8529411764705883,0.1459227467811159,,0.12446351931330472,0.47639484978540775,,,,,,,,
shared-60mhz-poly1305-pipelined-share-chacha20-poly1305-decrypt-recovery-20261005,b2b-1024,1024,shared/pipe.dec_out,handshake,466,68,16,117,265,0.8095238095238095,1.2352941176470589,0.1459227467811159,,0.034334763948497854,0.2510729613733906,,,,,,,,
shared-60mhz-poly1305-pipelined-share-chacha20-poly1305-decrypt-recovery-20261005,b2b-1024,1024,shared/pipe.enc_in,handshake,466,68,60,222,116,0.53125,1.8823529411764706,0.1459227467811159,,0.12875536480686695,0.47639484978540775,,,,,,,,
shared-60mhz-poly1305-pipelined-share-chacha20-poly1305-decrypt-recovery-20261005,b2b-1024,1024,shared/pipe.enc_out,handshake,466,68,187,126,85,0.26666666666666666,3.75,0.1459227467811159,,0.4012875536480687,0.2703862660944206,,,,,,,,
shared-60mhz-poly1305-pipelined-share-chacha20-poly1305-decrypt-recovery-20261005,b2b-1024,1024,shared/poly1305.epilogue.arb,arb,466,,,,,,,,,,,,,,,,,,
shared-60mhz-poly1305-pipelined-share-chacha20-poly1305-decrypt-recovery-20261005,b2b-1024,1024,shared/poly1305.epilogue.dec_in,handshake,466,4,1,418,43,0.8,1.25,0.008583690987124463,,0.002145922746781116,0.8969957081545065,,,,,,,,
shared-60mhz-poly1305-pipelined-share-chacha20-poly1305-decrypt-recovery-20261005,b2b-1024,1024,shared/poly1305.epilogue.dec_out,handshake,466,4,0,20,442,1.0,1.0,0.008583690987124463,,0.0,0.04291845493562232,,,,,,,,
shared-60mhz-poly1305-pipelined-share-chacha20-poly1305-decrypt-recovery-20261005,b2b-1024,1024,shared/poly1305.epilogue.enc_in,handshake,466,4,0,418,44,1.0,1.0,0.008583690987124463,,0.0,0.8969957081545065,,,,,,,,
shared-60mhz-poly1305-pipelined-share-chacha20-poly1305-decrypt-recovery-20261005,b2b-1024,1024,shared/poly1305.epilogue.enc_out,handshake,466,4,0,20,442,1.0,1.0,0.008583690987124463,,0.0,0.04291845493562232,,,,,,,,
shared-60mhz-poly1305-pipelined-share-chacha20-poly1305-decrypt-recovery-20261005,b2b-1024,1024,shared/poly1305.epilogue.service,state,466,,,,,,,,,,,IDLE,,,,,,,
shared-60mhz-poly1305-pipelined-share-chacha20-poly1305-decrypt-recovery-20261005,b2b-1024,1024,shared/poly1305.epilogue.service_in,handshake,466,8,1,418,39,0.8888888888888888,1.125,0.017167381974248927,,0.002145922746781116,0.8969957081545065,,,,,,,,
shared-60mhz-poly1305-pipelined-share-chacha20-poly1305-decrypt-recovery-20261005,b2b-1024,1024,shared/poly1305.epilogue.service_out,handshake,466,8,0,0,458,1.0,1.0,0.017167381974248927,,0.0,0.0,,,,,,,,
shared-60mhz-poly1305-pipelined-share-chacha20-poly1305-decrypt-recovery-20261005,b2b-1024,1024,shared/poly1305.prologue.arb,arb,466,,,,,,,,,,,,,,,,,,
shared-60mhz-poly1305-pipelined-share-chacha20-poly1305-decrypt-recovery-20261005,b2b-1024,1024,shared/poly1305.prologue.dec_in,handshake,466,4,8,410,44,0.3333333333333333,3.0,0.008583690987124463,,0.017167381974248927,0.8798283261802575,,,,,,,,
shared-60mhz-poly1305-pipelined-share-chacha20-poly1305-decrypt-recovery-20261005,b2b-1024,1024,shared/poly1305.prologue.dec_out,handshake,466,4,0,24,438,1.0,1.0,0.008583690987124463,,0.0,0.05150214592274678,,,,,,,,
shared-60mhz-poly1305-pipelined-share-chacha20-poly1305-decrypt-recovery-20261005,b2b-1024,1024,shared/poly1305.prologue.enc_in,handshake,466,4,0,410,52,1.0,1.0,0.008583690987124463,,0.0,0.8798283261802575,,,,,,,,
shared-60mhz-poly1305-pipelined-share-chacha20-poly1305-decrypt-recovery-20261005,b2b-1024,1024,shared/poly1305.prologue.enc_out,handshake,466,4,0,24,438,1.0,1.0,0.008583690987124463,,0.0,0.05150214592274678,,,,,,,,
shared-60mhz-poly1305-pipelined-share-chacha20-poly1305-decrypt-recovery-20261005,b2b-1024,1024,shared/poly1305.prologue.service,state,466,,,,,,,,,,,IDLE,,,,,,,
shared-60mhz-poly1305-pipelined-share-chacha20-poly1305-decrypt-recovery-20261005,b2b-1024,1024,shared/poly1305.prologue.service_in,handshake,466,8,8,410,40,0.5,2.0,0.017167381974248927,,0.017167381974248927,0.8798283261802575,,,,,,,,
shared-60mhz-poly1305-pipelined-share-chacha20-poly1305-decrypt-recovery-20261005,b2b-1024,1024,shared/poly1305.prologue.service_out,handshake,466,8,0,0,458,1.0,1.0,0.017167381974248927,,0.0,0.0,,,,,,,,
shared-60mhz-poly1305-pipelined-share-chacha20-poly1305-decrypt-recovery-20261005,b2b-1420,1420,decrypt/auth_fifo.in,handshake,592,356,0,236,0,1.0,1.0,0.6013513513513513,9.594594594594595,0.0,0.39864864864864863,,,,,,,,
shared-60mhz-poly1305-pipelined-share-chacha20-poly1305-decrypt-recovery-20261005,b2b-1420,1420,decrypt/auth_fifo.occupancy,buffer,592,,,,,,,,,,,,65,56,0,0,356,356,277
shared-60mhz-poly1305-pipelined-share-chacha20-poly1305-decrypt-recovery-20261005,b2b-1420,1420,decrypt/auth_fifo.out,handshake,592,356,117,0,119,0.7526427061310782,1.3286516853932584,0.6013513513513513,9.594594594594595,0.19763513513513514,0.0,,,,,,,,
shared-60mhz-poly1305-pipelined-share-chacha20-poly1305-decrypt-recovery-20261005,b2b-1420,1420,decrypt/chacha20.axis_in,handshake,592,356,63,8,165,0.8496420047732697,1.1769662921348314,0.6013513513513513,9.594594594594595,0.10641891891891891,0.013513513513513514,,,,,,,,
shared-60mhz-poly1305-pipelined-share-chacha20-poly1305-decrypt-recovery-20261005,b2b-1420,1420,decrypt/chacha20.axis_out,handshake,592,356,0,236,0,1.0,1.0,0.6013513513513513,9.594594594594595,0.0,0.39864864864864863,,,,,,,,
shared-60mhz-poly1305-pipelined-share-chacha20-poly1305-decrypt-recovery-20261005,b2b-1420,1420,decrypt/chacha20.from_pipeline,handshake,592,96,14,142,340,0.8727272727272727,1.1458333333333333,0.16216216216216217,,0.02364864864864865,0.23986486486486486,,,,,,,,
shared-60mhz-poly1305-pipelined-share-chacha20-poly1305-decrypt-recovery-20261005,b2b-1420,1420,decrypt/chacha20.in_state,state,592,,,,,,,,,,,PLAINTEXT,,,,,,,
shared-60mhz-poly1305-pipelined-share-chacha20-poly1305-decrypt-recovery-20261005,b2b-1420,1420,decrypt/chacha20.key_out,handshake,592,4,14,122,452,0.2222222222222222,4.5,0.006756756756756757,,0.02364864864864865,0.20608108108108109,,,,,,,,
shared-60mhz-poly1305-pipelined-share-chacha20-poly1305-decrypt-recovery-20261005,b2b-1420,1420,decrypt/chacha20.out_state,state,592,,,,,,,,,,,PLAINTEXT,,,,,,,
shared-60mhz-poly1305-pipelined-share-chacha20-poly1305-decrypt-recovery-20261005,b2b-1420,1420,decrypt/chacha20.to_pipeline,handshake,592,96,65,235,196,0.5962732919254659,1.6770833333333333,0.16216216216216217,,0.1097972972972973,0.3969594594594595,,,,,,,,
shared-60mhz-poly1305-pipelined-share-chacha20-poly1305-decrypt-recovery-20261005,b2b-1420,1420,decrypt/poly1305.data_in,handshake,592,368,102,0,122,0.7829787234042553,1.2771739130434783,0.6216216216216216,9.945945945945946,0.17229729729729729,0.0,,,,,,,,
shared-60mhz-poly1305-pipelined-share-chacha20-poly1305-decrypt-recovery-20261005,b2b-1420,1420,decrypt/poly1305.epilogue_in,handshake,592,4,0,544,44,1.0,1.0,0.006756756756756757,,0.0,0.918918918918919,,,,,,,,
shared-60mhz-poly1305-pipelined-share-chacha20-poly1305-decrypt-recovery-20261005,b2b-1420,1420,decrypt/poly1305.epilogue_out,handshake,592,4,0,20,568,1.0,1.0,0.006756756756756757,,0.0,0.033783783783783786,,,,,,,,
shared-60mhz-poly1305-pipelined-share-chacha20-poly1305-decrypt-recovery-20261005,b2b-1420,1420,decrypt/poly1305.from_compute,handshake,592,368,0,224,0,1.0,1.0,0.6216216216216216,,0.0,0.3783783783783784,,,,,,,,
shared-60mhz-poly1305-pipelined-share-chacha20-poly1305-decrypt-recovery-20261005,b2b-1420,1420,decrypt/poly1305.fsm,state,592,,,,,,,,,,,STREAM_BODY,,,,,,,
shared-60mhz-poly1305-pipelined-share-chacha20-poly1305-decrypt-recovery-20261005,b2b-1420,1420,decrypt/poly1305.key_in,handshake,592,4,14,122,452,0.2222222222222222,4.5,0.006756756756756757,,0.02364864864864865,0.20608108108108109,,,,,,,,
shared-60mhz-poly1305-pipelined-share-chacha20-poly1305-decrypt-recovery-20261005,b2b-1420,1420,decrypt/poly1305.prologue_in,handshake,592,4,10,536,42,0.2857142857142857,3.5,0.006756756756756757,,0.016891891891891893,0.9054054054054054,,,,,,,,
shared-60mhz-poly1305-pipelined-share-chacha20-poly1305-decrypt-recovery-20261005,b2b-1420,1420,decrypt/poly1305.prologue_out,handshake,592,4,0,24,564,1.0,1.0,0.006756756756756757,,0.0,0.04054054054054054,,,,,,,,
shared-60mhz-poly1305-pipelined-share-chacha20-poly1305-decrypt-recovery-20261005,b2b-1420,1420,decrypt/poly1305.tag_out,handshake,592,4,0,255,333,1.0,1.0,0.006756756756756757,,0.0,0.43074324324324326,,,,,,,,
shared-60mhz-poly1305-pipelined-share-chacha20-poly1305-decrypt-recovery-20261005,b2b-1420,1420,decrypt/poly1305.to_compute,handshake,592,368,0,224,0,1.0,1.0,0.6216216216216216,,0.0,0.3783783783783784,,,,,,,,
shared-60mhz-poly1305-pipelined-share-chacha20-poly1305-decrypt-recovery-20261005,b2b-1420,1420,decrypt/prep.axis_in,handshake,592,356,117,0,119,0.7526427061310782,1.3286516853932584,0.6013513513513513,9.594594594594595,0.19763513513513514,0.0,,,,,,,,
shared-60mhz-poly1305-pipelined-share-chacha20-poly1305-decrypt-recovery-20261005,b2b-1420,1420,decrypt/prep.axis_out,handshake,592,368,102,0,122,0.7829787234042553,1.2771739130434783,0.6216216216216216,9.945945945945946,0.17229729729729729,0.0,,,,,,,,
shared-60mhz-poly1305-pipelined-share-chacha20-poly1305-decrypt-recovery-20261005,b2b-1420,1420,decrypt/prep.fsm,state,592,,,,,,,,,,,CIPHERTEXT,,,,,,,
shared-60mhz-poly1305-pipelined-share-chacha20-poly1305-decrypt-recovery-20261005,b2b-1420,1420,decrypt/strip.axis_in,handshake,592,360,63,169,0,0.851063829787234,1.175,0.6081081081081081,9.702702702702704,0.10641891891891891,0.28547297297297297,,,,,,,,
shared-60mhz-poly1305-pipelined-share-chacha20-poly1305-decrypt-recovery-20261005,b2b-1420,1420,decrypt/strip.axis_out,handshake,592,356,63,8,165,0.8496420047732697,1.1769662921348314,0.6013513513513513,9.594594594594595,0.10641891891891891,0.013513513513513514,,,,,,,,
shared-60mhz-poly1305-pipelined-share-chacha20-poly1305-decrypt-recovery-20261005,b2b-1420,1420,decrypt/strip.tag_out,handshake,592,4,0,321,267,1.0,1.0,0.006756756756756757,,0.0,0.5422297297297297,,,,,,,,
shared-60mhz-poly1305-pipelined-share-chacha20-poly1305-decrypt-recovery-20261005,b2b-1420,1420,decrypt/verify.auth_tag,handshake,592,4,0,321,267,1.0,1.0,0.006756756756756757,,0.0,0.5422297297297297,,,,,,,,
shared-60mhz-poly1305-pipelined-share-chacha20-poly1305-decrypt-recovery-20261005,b2b-1420,1420,decrypt/verify.calc_tag,handshake,592,4,0,255,333,1.0,1.0,0.006756756756756757,,0.0,0.43074324324324326,,,,,,,,
shared-60mhz-poly1305-pipelined-share-chacha20-poly1305-decrypt-recovery-20261005,b2b-1420,1420,decrypt/verify.fsm,state,592,,,,,,,,,,,TAKE_AUTH_TAG,,,,,,,
shared-60mhz-poly1305-pipelined-share-chacha20-poly1305-decrypt-recovery-20261005,b2b-1420,1420,decrypt/verify.tags_match,handshake,592,4,0,232,356,1.0,1.0,0.006756756756756757,,0.0,0.3918918918918919,,,,,,,,
shared-60mhz-poly1305-pipelined-share-chacha20-poly1305-decrypt-recovery-20261005,b2b-1420,1420,decrypt/wtv.axis_in,handshake,592,356,0,236,0,1.0,1.0,0.6013513513513513,9.594594594594595,0.0,0.39864864864864863,,,,,,,,
shared-60mhz-poly1305-pipelined-share-chacha20-poly1305-decrypt-recovery-20261005,b2b-1420,1420,decrypt/wtv.axis_out,handshake,592,356,0,236,0,1.0,1.0,0.6013513513513513,9.594594594594595,0.0,0.39864864864864863,,,,,,,,
shared-60mhz-poly1305-pipelined-share-chacha20-poly1305-decrypt-recovery-20261005,b2b-1420,1420,decrypt/wtv.fsm,state,592,,,,,,,,,,,OUTPUT_PLAINTEXT,,,,,,,
shared-60mhz-poly1305-pipelined-share-chacha20-poly1305-decrypt-recovery-20261005,b2b-1420,1420,decrypt/wtv.verify_bit,handshake,592,4,0,232,356,1.0,1.0,0.006756756756756757,,0.0,0.3918918918918919,,,,,,,,
shared-60mhz-poly1305-pipelined-share-chacha20-poly1305-decrypt-recovery-20261005,b2b-1420,1420,encrypt/append.axis_in,handshake,592,356,0,172,64,1.0,1.0,0.6013513513513513,9.594594594594595,0.0,0.2905405405405405,,,,,,,,
shared-60mhz-poly1305-pipelined-share-chacha20-poly1305-decrypt-recovery-20261005,b2b-1420,1420,encrypt/append.axis_out,handshake,592,360,0,232,0,1.0,1.0,0.6081081081081081,9.702702702702704,0.0,0.3918918918918919,,,,,,,,
shared-60mhz-poly1305-pipelined-share-chacha20-poly1305-decrypt-recovery-20261005,b2b-1420,1420,encrypt/append.fsm,state,592,,,,,,,,,,,CIPHERTEXT,,,,,,,
shared-60mhz-poly1305-pipelined-share-chacha20-poly1305-decrypt-recovery-20261005,b2b-1420,1420,encrypt/append.tag_in,handshake,592,4,4,0,584,0.5,2.0,0.006756756756756757,,0.006756756756756757,0.0,,,,,,,,
shared-60mhz-poly1305-pipelined-share-chacha20-poly1305-decrypt-recovery-20261005,b2b-1420,1420,encrypt/chacha20.axis_in,handshake,592,356,65,5,166,0.8456057007125891,1.1825842696629214,0.6013513513513513,9.594594594594595,0.1097972972972973,0.008445945945945946,,,,,,,,
shared-60mhz-poly1305-pipelined-share-chacha20-poly1305-decrypt-recovery-20261005,b2b-1420,1420,encrypt/chacha20.axis_out,handshake,592,356,12,0,224,0.967391304347826,1.0337078651685394,0.6013513513513513,9.594594594594595,0.02027027027027027,0.0,,,,,,,,
shared-60mhz-poly1305-pipelined-share-chacha20-poly1305-decrypt-recovery-20261005,b2b-1420,1420,encrypt/chacha20.from_pipeline,handshake,592,96,237,148,111,0.2882882882882883,3.46875,0.16216216216216217,,0.40033783783783783,0.25,,,,,,,,
shared-60mhz-poly1305-pipelined-share-chacha20-poly1305-decrypt-recovery-20261005,b2b-1420,1420,encrypt/chacha20.in_state,state,592,,,,,,,,,,,PLAINTEXT,,,,,,,
shared-60mhz-poly1305-pipelined-share-chacha20-poly1305-decrypt-recovery-20261005,b2b-1420,1420,encrypt/chacha20.key_out,handshake,592,4,51,126,411,0.07272727272727272,13.75,0.006756756756756757,,0.08614864864864864,0.21283783783783783,,,,,,,,
shared-60mhz-poly1305-pipelined-share-chacha20-poly1305-decrypt-recovery-20261005,b2b-1420,1420,encrypt/chacha20.out_state,state,592,,,,,,,,,,,PLAINTEXT,,,,,,,
shared-60mhz-poly1305-pipelined-share-chacha20-poly1305-decrypt-recovery-20261005,b2b-1420,1420,encrypt/chacha20.to_pipeline,handshake,592,96,64,235,197,0.6,1.6666666666666667,0.16216216216216217,,0.10810810810810811,0.3969594594594595,,,,,,,,
shared-60mhz-poly1305-pipelined-share-chacha20-poly1305-decrypt-recovery-20261005,b2b-1420,1420,encrypt/output_slice.in,handshake,592,360,0,232,0,1.0,1.0,0.6081081081081081,9.702702702702704,0.0,0.3918918918918919,,,,,,,,
shared-60mhz-poly1305-pipelined-share-chacha20-poly1305-decrypt-recovery-20261005,b2b-1420,1420,encrypt/output_slice.occupancy,buffer,592,,,,,,,,,,,,2,1,0,0,360,360,352
shared-60mhz-poly1305-pipelined-share-chacha20-poly1305-decrypt-recovery-20261005,b2b-1420,1420,encrypt/output_slice.out,handshake,592,360,0,232,0,1.0,1.0,0.6081081081081081,9.702702702702704,0.0,0.3918918918918919,,,,,,,,
shared-60mhz-poly1305-pipelined-share-chacha20-poly1305-decrypt-recovery-20261005,b2b-1420,1420,encrypt/poly1305.data_in,handshake,592,368,0,2,222,1.0,1.0,0.6216216216216216,9.945945945945946,0.0,0.0033783783783783786,,,,,,,,
shared-60mhz-poly1305-pipelined-share-chacha20-poly1305-decrypt-recovery-20261005,b2b-1420,1420,encrypt/poly1305.epilogue_in,handshake,592,4,0,544,44,1.0,1.0,0.006756756756756757,,0.0,0.918918918918919,,,,,,,,
shared-60mhz-poly1305-pipelined-share-chacha20-poly1305-decrypt-recovery-20261005,b2b-1420,1420,encrypt/poly1305.epilogue_out,handshake,592,4,0,20,568,1.0,1.0,0.006756756756756757,,0.0,0.033783783783783786,,,,,,,,
shared-60mhz-poly1305-pipelined-share-chacha20-poly1305-decrypt-recovery-20261005,b2b-1420,1420,encrypt/poly1305.from_compute,handshake,592,368,0,224,0,1.0,1.0,0.6216216216216216,,0.0,0.3783783783783784,,,,,,,,
shared-60mhz-poly1305-pipelined-share-chacha20-poly1305-decrypt-recovery-20261005,b2b-1420,1420,encrypt/poly1305.fsm,state,592,,,,,,,,,,,STREAM_BODY,,,,,,,
shared-60mhz-poly1305-pipelined-share-chacha20-poly1305-decrypt-recovery-20261005,b2b-1420,1420,encrypt/poly1305.key_in,handshake,592,4,51,126,411,0.07272727272727272,13.75,0.006756756756756757,,0.08614864864864864,0.21283783783783783,,,,,,,,
shared-60mhz-poly1305-pipelined-share-chacha20-poly1305-decrypt-recovery-20261005,b2b-1420,1420,encrypt/poly1305.prologue_in,handshake,592,4,0,536,52,1.0,1.0,0.006756756756756757,,0.0,0.9054054054054054,,,,,,,,
shared-60mhz-poly1305-pipelined-share-chacha20-poly1305-decrypt-recovery-20261005,b2b-1420,1420,encrypt/poly1305.prologue_out,handshake,592,4,0,24,564,1.0,1.0,0.006756756756756757,,0.0,0.04054054054054054,,,,,,,,
shared-60mhz-poly1305-pipelined-share-chacha20-poly1305-decrypt-recovery-20261005,b2b-1420,1420,encrypt/poly1305.tag_out,handshake,592,4,4,0,584,0.5,2.0,0.006756756756756757,,0.006756756756756757,0.0,,,,,,,,
shared-60mhz-poly1305-pipelined-share-chacha20-poly1305-decrypt-recovery-20261005,b2b-1420,1420,encrypt/poly1305.to_compute,handshake,592,368,0,224,0,1.0,1.0,0.6216216216216216,,0.0,0.3783783783783784,,,,,,,,
shared-60mhz-poly1305-pipelined-share-chacha20-poly1305-decrypt-recovery-20261005,b2b-1420,1420,encrypt/prep.axis_in,handshake,592,356,12,0,224,0.967391304347826,1.0337078651685394,0.6013513513513513,9.594594594594595,0.02027027027027027,0.0,,,,,,,,
shared-60mhz-poly1305-pipelined-share-chacha20-poly1305-decrypt-recovery-20261005,b2b-1420,1420,encrypt/prep.axis_out,handshake,592,368,0,2,222,1.0,1.0,0.6216216216216216,9.945945945945946,0.0,0.0033783783783783786,,,,,,,,
shared-60mhz-poly1305-pipelined-share-chacha20-poly1305-decrypt-recovery-20261005,b2b-1420,1420,encrypt/prep.fsm,state,592,,,,,,,,,,,CIPHERTEXT,,,,,,,
shared-60mhz-poly1305-pipelined-share-chacha20-poly1305-decrypt-recovery-20261005,b2b-1420,1420,shared/pipe.arb,arb,592,,,,,,,,,,,,,,,,,,
shared-60mhz-poly1305-pipelined-share-chacha20-poly1305-decrypt-recovery-20261005,b2b-1420,1420,shared/pipe.dec_in,handshake,592,96,65,235,196,0.5962732919254659,1.6770833333333333,0.16216216216216217,,0.1097972972972973,0.3969594594594595,,,,,,,,
shared-60mhz-poly1305-pipelined-share-chacha20-poly1305-decrypt-recovery-20261005,b2b-1420,1420,shared/pipe.dec_out,handshake,592,96,14,142,340,0.8727272727272727,1.1458333333333333,0.16216216216216217,,0.02364864864864865,0.23986486486486486,,,,,,,,
shared-60mhz-poly1305-pipelined-share-chacha20-poly1305-decrypt-recovery-20261005,b2b-1420,1420,shared/pipe.enc_in,handshake,592,96,64,235,197,0.6,1.6666666666666667,0.16216216216216217,,0.10810810810810811,0.3969594594594595,,,,,,,,
shared-60mhz-poly1305-pipelined-share-chacha20-poly1305-decrypt-recovery-20261005,b2b-1420,1420,shared/pipe.enc_out,handshake,592,96,237,148,111,0.2882882882882883,3.46875,0.16216216216216217,,0.40033783783783783,0.25,,,,,,,,
shared-60mhz-poly1305-pipelined-share-chacha20-poly1305-decrypt-recovery-20261005,b2b-1420,1420,shared/poly1305.epilogue.arb,arb,592,,,,,,,,,,,,,,,,,,
shared-60mhz-poly1305-pipelined-share-chacha20-poly1305-decrypt-recovery-20261005,b2b-1420,1420,shared/poly1305.epilogue.dec_in,handshake,592,4,0,544,44,1.0,1.0,0.006756756756756757,,0.0,0.918918918918919,,,,,,,,
shared-60mhz-poly1305-pipelined-share-chacha20-poly1305-decrypt-recovery-20261005,b2b-1420,1420,shared/poly1305.epilogue.dec_out,handshake,592,4,0,20,568,1.0,1.0,0.006756756756756757,,0.0,0.033783783783783786,,,,,,,,
shared-60mhz-poly1305-pipelined-share-chacha20-poly1305-decrypt-recovery-20261005,b2b-1420,1420,shared/poly1305.epilogue.enc_in,handshake,592,4,0,544,44,1.0,1.0,0.006756756756756757,,0.0,0.918918918918919,,,,,,,,
shared-60mhz-poly1305-pipelined-share-chacha20-poly1305-decrypt-recovery-20261005,b2b-1420,1420,shared/poly1305.epilogue.enc_out,handshake,592,4,0,20,568,1.0,1.0,0.006756756756756757,,0.0,0.033783783783783786,,,,,,,,
shared-60mhz-poly1305-pipelined-share-chacha20-poly1305-decrypt-recovery-20261005,b2b-1420,1420,shared/poly1305.epilogue.service,state,592,,,,,,,,,,,IDLE,,,,,,,
shared-60mhz-poly1305-pipelined-share-chacha20-poly1305-decrypt-recovery-20261005,b2b-1420,1420,shared/poly1305.epilogue.service_in,handshake,592,8,0,544,40,1.0,1.0,0.013513513513513514,,0.0,0.918918918918919,,,,,,,,
shared-60mhz-poly1305-pipelined-share-chacha20-poly1305-decrypt-recovery-20261005,b2b-1420,1420,shared/poly1305.epilogue.service_out,handshake,592,8,0,0,584,1.0,1.0,0.013513513513513514,,0.0,0.0,,,,,,,,
shared-60mhz-poly1305-pipelined-share-chacha20-poly1305-decrypt-recovery-20261005,b2b-1420,1420,shared/poly1305.prologue.arb,arb,592,,,,,,,,,,,,,,,,,,
shared-60mhz-poly1305-pipelined-share-chacha20-poly1305-decrypt-recovery-20261005,b2b-1420,1420,shared/poly1305.prologue.dec_in,handshake,592,4,10,536,42,0.2857142857142857,3.5,0.006756756756756757,,0.016891891891891893,0.9054054054054054,,,,,,,,
shared-60mhz-poly1305-pipelined-share-chacha20-poly1305-decrypt-recovery-20261005,b2b-1420,1420,shared/poly1305.prologue.dec_out,handshake,592,4,0,24,564,1.0,1.0,0.006756756756756757,,0.0,0.04054054054054054,,,,,,,,
shared-60mhz-poly1305-pipelined-share-chacha20-poly1305-decrypt-recovery-20261005,b2b-1420,1420,shared/poly1305.prologue.enc_in,handshake,592,4,0,536,52,1.0,1.0,0.006756756756756757,,0.0,0.9054054054054054,,,,,,,,
shared-60mhz-poly1305-pipelined-share-chacha20-poly1305-decrypt-recovery-20261005,b2b-1420,1420,shared/poly1305.prologue.enc_out,handshake,592,4,0,24,564,1.0,1.0,0.006756756756756757,,0.0,0.04054054054054054,,,,,,,,
shared-60mhz-poly1305-pipelined-share-chacha20-poly1305-decrypt-recovery-20261005,b2b-1420,1420,shared/poly1305.prologue.service,state,592,,,,,,,,,,,IDLE,,,,,,,
shared-60mhz-poly1305-pipelined-share-chacha20-poly1305-decrypt-recovery-20261005,b2b-1420,1420,shared/poly1305.prologue.service_in,handshake,592,8,10,536,38,0.4444444444444444,2.25,0.013513513513513514,,0.016891891891891893,0.9054054054054054,,,,,,,,
shared-60mhz-poly1305-pipelined-share-chacha20-poly1305-decrypt-recovery-20261005,b2b-1420,1420,shared/poly1305.prologue.service_out,handshake,592,8,0,0,584,1.0,1.0,0.013513513513513514,,0.0,0.0,,,,,,,,
shared-60mhz-poly1305-pipelined-share-chacha20-poly1305-decrypt-recovery-20261005,b2b-1920,1920,decrypt/auth_fifo.in,handshake,746,480,0,266,0,1.0,1.0,0.6434316353887399,10.294906166219839,0.0,0.35656836461126007,,,,,,,,
shared-60mhz-poly1305-pipelined-share-chacha20-poly1305-decrypt-recovery-20261005,b2b-1920,1920,decrypt/auth_fifo.occupancy,buffer,746,,,,,,,,,,,,65,55,0,0,480,480,403
shared-60mhz-poly1305-pipelined-share-chacha20-poly1305-decrypt-recovery-20261005,b2b-1920,1920,decrypt/auth_fifo.out,handshake,746,480,116,0,150,0.8053691275167785,1.2416666666666667,0.6434316353887399,10.294906166219839,0.1554959785522788,0.0,,,,,,,,
shared-60mhz-poly1305-pipelined-share-chacha20-poly1305-decrypt-recovery-20261005,b2b-1920,1920,decrypt/chacha20.axis_in,handshake,746,480,62,5,199,0.8856088560885609,1.1291666666666667,0.6434316353887399,10.294906166219839,0.08310991957104558,0.006702412868632708,,,,,,,,
shared-60mhz-poly1305-pipelined-share-chacha20-poly1305-decrypt-recovery-20261005,b2b-1920,1920,decrypt/chacha20.axis_out,handshake,746,480,0,266,0,1.0,1.0,0.6434316353887399,10.294906166219839,0.0,0.35656836461126007,,,,,,,,
shared-60mhz-poly1305-pipelined-share-chacha20-poly1305-decrypt-recovery-20261005,b2b-1920,1920,decrypt/chacha20.from_pipeline,handshake,746,124,16,173,433,0.8857142857142857,1.1290322580645162,0.16621983914209115,,0.021447721179624665,0.23190348525469168,,,,,,,,
shared-60mhz-poly1305-pipelined-share-chacha20-poly1305-decrypt-recovery-20261005,b2b-1920,1920,decrypt/chacha20.in_state,state,746,,,,,,,,,,,PLAINTEXT,,,,,,,
shared-60mhz-poly1305-pipelined-share-chacha20-poly1305-decrypt-recovery-20261005,b2b-1920,1920,decrypt/chacha20.key_out,handshake,746,4,16,153,573,0.2,5.0,0.005361930294906166,,0.021447721179624665,0.20509383378016086,,,,,,,,
shared-60mhz-poly1305-pipelined-share-chacha20-poly1305-decrypt-recovery-20261005,b2b-1920,1920,decrypt/chacha20.out_state,state,746,,,,,,,,,,,PLAINTEXT,,,,,,,
shared-60mhz-poly1305-pipelined-share-chacha20-poly1305-decrypt-recovery-20261005,b2b-1920,1920,decrypt/chacha20.to_pipeline,handshake,746,124,58,306,258,0.6813186813186813,1.467741935483871,0.16621983914209115,,0.0777479892761394,0.4101876675603217,,,,,,,,
shared-60mhz-poly1305-pipelined-share-chacha20-poly1305-decrypt-recovery-20261005,b2b-1920,1920,decrypt/poly1305.data_in,handshake,746,492,101,0,153,0.8296795952782462,1.2052845528455285,0.6595174262734584,10.552278820375335,0.1353887399463807,0.0,,,,,,,,
shared-60mhz-poly1305-pipelined-share-chacha20-poly1305-decrypt-recovery-20261005,b2b-1920,1920,decrypt/poly1305.epilogue_in,handshake,746,4,1,698,43,0.8,1.25,0.005361930294906166,,0.0013404825737265416,0.935656836461126,,,,,,,,
shared-60mhz-poly1305-pipelined-share-chacha20-poly1305-decrypt-recovery-20261005,b2b-1920,1920,decrypt/poly1305.epilogue_out,handshake,746,4,0,20,722,1.0,1.0,0.005361930294906166,,0.0,0.02680965147453083,,,,,,,,
shared-60mhz-poly1305-pipelined-share-chacha20-poly1305-decrypt-recovery-20261005,b2b-1920,1920,decrypt/poly1305.from_compute,handshake,746,492,0,254,0,1.0,1.0,0.6595174262734584,,0.0,0.34048257372654156,,,,,,,,
shared-60mhz-poly1305-pipelined-share-chacha20-poly1305-decrypt-recovery-20261005,b2b-1920,1920,decrypt/poly1305.fsm,state,746,,,,,,,,,,,STREAM_BODY,,,,,,,
shared-60mhz-poly1305-pipelined-share-chacha20-poly1305-decrypt-recovery-20261005,b2b-1920,1920,decrypt/poly1305.key_in,handshake,746,4,16,153,573,0.2,5.0,0.005361930294906166,,0.021447721179624665,0.20509383378016086,,,,,,,,
shared-60mhz-poly1305-pipelined-share-chacha20-poly1305-decrypt-recovery-20261005,b2b-1920,1920,decrypt/poly1305.prologue_in,handshake,746,4,8,690,44,0.3333333333333333,3.0,0.005361930294906166,,0.010723860589812333,0.9249329758713136,,,,,,,,
shared-60mhz-poly1305-pipelined-share-chacha20-poly1305-decrypt-recovery-20261005,b2b-1920,1920,decrypt/poly1305.prologue_out,handshake,746,4,0,24,718,1.0,1.0,0.005361930294906166,,0.0,0.032171581769437,,,,,,,,
shared-60mhz-poly1305-pipelined-share-chacha20-poly1305-decrypt-recovery-20261005,b2b-1920,1920,decrypt/poly1305.tag_out,handshake,746,4,0,254,488,1.0,1.0,0.005361930294906166,,0.0,0.34048257372654156,,,,,,,,
shared-60mhz-poly1305-pipelined-share-chacha20-poly1305-decrypt-recovery-20261005,b2b-1920,1920,decrypt/poly1305.to_compute,handshake,746,492,0,254,0,1.0,1.0,0.6595174262734584,,0.0,0.34048257372654156,,,,,,,,
shared-60mhz-poly1305-pipelined-share-chacha20-poly1305-decrypt-recovery-20261005,b2b-1920,1920,decrypt/prep.axis_in,handshake,746,480,116,0,150,0.8053691275167785,1.2416666666666667,0.6434316353887399,10.294906166219839,0.1554959785522788,0.0,,,,,,,,
shared-60mhz-poly1305-pipelined-share-chacha20-poly1305-decrypt-recovery-20261005,b2b-1920,1920,decrypt/prep.axis_out,handshake,746,492,101,0,153,0.8296795952782462,1.2052845528455285,0.6595174262734584,10.552278820375335,0.1353887399463807,0.0,,,,,,,,
shared-60mhz-poly1305-pipelined-share-chacha20-poly1305-decrypt-recovery-20261005,b2b-1920,1920,decrypt/prep.fsm,state,746,,,,,,,,,,,CIPHERTEXT,,,,,,,
shared-60mhz-poly1305-pipelined-share-chacha20-poly1305-decrypt-recovery-20261005,b2b-1920,1920,decrypt/strip.axis_in,handshake,746,484,62,200,0,0.8864468864468864,1.128099173553719,0.6487935656836461,10.380697050938338,0.08310991957104558,0.2680965147453083,,,,,,,,
shared-60mhz-poly1305-pipelined-share-chacha20-poly1305-decrypt-recovery-20261005,b2b-1920,1920,decrypt/strip.axis_out,handshake,746,480,62,5,199,0.8856088560885609,1.1291666666666667,0.6434316353887399,10.294906166219839,0.08310991957104558,0.006702412868632708,,,,,,,,
shared-60mhz-poly1305-pipelined-share-chacha20-poly1305-decrypt-recovery-20261005,b2b-1920,1920,decrypt/strip.tag_out,handshake,746,4,0,476,266,1.0,1.0,0.005361930294906166,,0.0,0.6380697050938338,,,,,,,,
shared-60mhz-poly1305-pipelined-share-chacha20-poly1305-decrypt-recovery-20261005,b2b-1920,1920,decrypt/verify.auth_tag,handshake,746,4,0,476,266,1.0,1.0,0.005361930294906166,,0.0,0.6380697050938338,,,,,,,,
shared-60mhz-poly1305-pipelined-share-chacha20-poly1305-decrypt-recovery-20261005,b2b-1920,1920,decrypt/verify.calc_tag,handshake,746,4,0,254,488,1.0,1.0,0.005361930294906166,,0.0,0.34048257372654156,,,,,,,,
shared-60mhz-poly1305-pipelined-share-chacha20-poly1305-decrypt-recovery-20261005,b2b-1920,1920,decrypt/verify.fsm,state,746,,,,,,,,,,,TAKE_AUTH_TAG,,,,,,,
shared-60mhz-poly1305-pipelined-share-chacha20-poly1305-decrypt-recovery-20261005,b2b-1920,1920,decrypt/verify.tags_match,handshake,746,4,0,262,480,1.0,1.0,0.005361930294906166,,0.0,0.3512064343163539,,,,,,,,
shared-60mhz-poly1305-pipelined-share-chacha20-poly1305-decrypt-recovery-20261005,b2b-1920,1920,decrypt/wtv.axis_in,handshake,746,480,0,266,0,1.0,1.0,0.6434316353887399,10.294906166219839,0.0,0.35656836461126007,,,,,,,,
shared-60mhz-poly1305-pipelined-share-chacha20-poly1305-decrypt-recovery-20261005,b2b-1920,1920,decrypt/wtv.axis_out,handshake,746,480,0,266,0,1.0,1.0,0.6434316353887399,10.294906166219839,0.0,0.35656836461126007,,,,,,,,
shared-60mhz-poly1305-pipelined-share-chacha20-poly1305-decrypt-recovery-20261005,b2b-1920,1920,decrypt/wtv.fsm,state,746,,,,,,,,,,,OUTPUT_PLAINTEXT,,,,,,,
shared-60mhz-poly1305-pipelined-share-chacha20-poly1305-decrypt-recovery-20261005,b2b-1920,1920,decrypt/wtv.verify_bit,handshake,746,4,0,262,480,1.0,1.0,0.005361930294906166,,0.0,0.3512064343163539,,,,,,,,
shared-60mhz-poly1305-pipelined-share-chacha20-poly1305-decrypt-recovery-20261005,b2b-1920,1920,encrypt/append.axis_in,handshake,746,480,0,206,60,1.0,1.0,0.6434316353887399,10.294906166219839,0.0,0.2761394101876676,,,,,,,,
shared-60mhz-poly1305-pipelined-share-chacha20-poly1305-decrypt-recovery-20261005,b2b-1920,1920,encrypt/append.axis_out,handshake,746,484,0,262,0,1.0,1.0,0.6487935656836461,10.380697050938338,0.0,0.3512064343163539,,,,,,,,
shared-60mhz-poly1305-pipelined-share-chacha20-poly1305-decrypt-recovery-20261005,b2b-1920,1920,encrypt/append.fsm,state,746,,,,,,,,,,,CIPHERTEXT,,,,,,,
shared-60mhz-poly1305-pipelined-share-chacha20-poly1305-decrypt-recovery-20261005,b2b-1920,1920,encrypt/append.tag_in,handshake,746,4,0,56,686,1.0,1.0,0.005361930294906166,,0.0,0.07506702412868632,,,,,,,,
shared-60mhz-poly1305-pipelined-share-chacha20-poly1305-decrypt-recovery-20261005,b2b-1920,1920,encrypt/chacha20.axis_in,handshake,746,480,64,2,200,0.8823529411764706,1.1333333333333333,0.6434316353887399,10.294906166219839,0.08579088471849866,0.002680965147453083,,,,,,,,
shared-60mhz-poly1305-pipelined-share-chacha20-poly1305-decrypt-recovery-20261005,b2b-1920,1920,encrypt/chacha20.axis_out,handshake,746,480,12,0,254,0.975609756097561,1.025,0.6434316353887399,10.294906166219839,0.0160857908847185,0.0,,,,,,,,
shared-60mhz-poly1305-pipelined-share-chacha20-poly1305-decrypt-recovery-20261005,b2b-1920,1920,encrypt/chacha20.from_pipeline,handshake,746,124,299,182,141,0.29314420803782504,3.411290322580645,0.16621983914209115,,0.4008042895442359,0.24396782841823056,,,,,,,,
shared-60mhz-poly1305-pipelined-share-chacha20-poly1305-decrypt-recovery-20261005,b2b-1920,1920,encrypt/chacha20.in_state,state,746,,,,,,,,,,,PLAINTEXT,,,,,,,
shared-60mhz-poly1305-pipelined-share-chacha20-poly1305-decrypt-recovery-20261005,b2b-1920,1920,encrypt/chacha20.key_out,handshake,746,4,57,158,527,0.06557377049180328,15.25,0.005361930294906166,,0.07640750670241286,0.21179624664879357,,,,,,,,
shared-60mhz-poly1305-pipelined-share-chacha20-poly1305-decrypt-recovery-20261005,b2b-1920,1920,encrypt/chacha20.out_state,state,746,,,,,,,,,,,PLAINTEXT,,,,,,,
shared-60mhz-poly1305-pipelined-share-chacha20-poly1305-decrypt-recovery-20261005,b2b-1920,1920,encrypt/chacha20.to_pipeline,handshake,746,124,60,306,256,0.6739130434782609,1.4838709677419355,0.16621983914209115,,0.08042895442359249,0.4101876675603217,,,,,,,,
shared-60mhz-poly1305-pipelined-share-chacha20-poly1305-decrypt-recovery-20261005,b2b-1920,1920,encrypt/output_slice.in,handshake,746,484,0,262,0,1.0,1.0,0.6487935656836461,10.380697050938338,0.0,0.3512064343163539,,,,,,,,
shared-60mhz-poly1305-pipelined-share-chacha20-poly1305-decrypt-recovery-20261005,b2b-1920,1920,encrypt/output_slice.occupancy,buffer,746,,,,,,,,,,,,2,1,0,0,484,484,476
shared-60mhz-poly1305-pipelined-share-chacha20-poly1305-decrypt-recovery-20261005,b2b-1920,1920,encrypt/output_slice.out,handshake,746,484,0,262,0,1.0,1.0,0.6487935656836461,10.380697050938338,0.0,0.3512064343163539,,,,,,,,
shared-60mhz-poly1305-pipelined-share-chacha20-poly1305-decrypt-recovery-20261005,b2b-1920,1920,encrypt/poly1305.data_in,handshake,746,492,0,4,250,1.0,1.0,0.6595174262734584,10.552278820375335,0.0,0.005361930294906166,,,,,,,,
shared-60mhz-poly1305-pipelined-share-chacha20-poly1305-decrypt-recovery-20261005,b2b-1920,1920,encrypt/poly1305.epilogue_in,handshake,746,4,0,698,44,1.0,1.0,0.005361930294906166,,0.0,0.935656836461126,,,,,,,,
shared-60mhz-poly1305-pipelined-share-chacha20-poly1305-decrypt-recovery-20261005,b2b-1920,1920,encrypt/poly1305.epilogue_out,handshake,746,4,0,20,722,1.0,1.0,0.005361930294906166,,0.0,0.02680965147453083,,,,,,,,
shared-60mhz-poly1305-pipelined-share-chacha20-poly1305-decrypt-recovery-20261005,b2b-1920,1920,encrypt/poly1305.from_compute,handshake,746,492,0,254,0,1.0,1.0,0.6595174262734584,,0.0,0.34048257372654156,,,,,,,,
shared-60mhz-poly1305-pipelined-share-chacha20-poly1305-decrypt-recovery-20261005,b2b-1920,1920,encrypt/poly1305.fsm,state,746,,,,,,,,,,,STREAM_BODY,,,,,,,
shared-60mhz-poly1305-pipelined-share-chacha20-poly1305-decrypt-recovery-20261005,b2b-1920,1920,encrypt/poly1305.key_in,handshake,746,4,57,158,527,0.06557377049180328,15.25,0.005361930294906166,,0.07640750670241286,0.21179624664879357,,,,,,,,
shared-60mhz-poly1305-pipelined-share-chacha20-poly1305-decrypt-recovery-20261005,b2b-1920,1920,encrypt/poly1305.prologue_in,handshake,746,4,0,690,52,1.0,1.0,0.005361930294906166,,0.0,0.9249329758713136,,,,,,,,
shared-60mhz-poly1305-pipelined-share-chacha20-poly1305-decrypt-recovery-20261005,b2b-1920,1920,encrypt/poly1305.prologue_out,handshake,746,4,0,24,718,1.0,1.0,0.005361930294906166,,0.0,0.032171581769437,,,,,,,,
shared-60mhz-poly1305-pipelined-share-chacha20-poly1305-decrypt-recovery-20261005,b2b-1920,1920,encrypt/poly1305.tag_out,handshake,746,4,0,56,686,1.0,1.0,0.005361930294906166,,0.0,0.07506702412868632,,,,,,,,
shared-60mhz-poly1305-pipelined-share-chacha20-poly1305-decrypt-recovery-20261005,b2b-1920,1920,encrypt/poly1305.to_compute,handshake,746,492,0,254,0,1.0,1.0,0.6595174262734584,,0.0,0.34048257372654156,,,,,,,,
shared-60mhz-poly1305-pipelined-share-chacha20-poly1305-decrypt-recovery-20261005,b2b-1920,1920,encrypt/prep.axis_in,handshake,746,480,12,0,254,0.975609756097561,1.025,0.6434316353887399,10.294906166219839,0.0160857908847185,0.0,,,,,,,,
shared-60mhz-poly1305-pipelined-share-chacha20-poly1305-decrypt-recovery-20261005,b2b-1920,1920,encrypt/prep.axis_out,handshake,746,492,0,4,250,1.0,1.0,0.6595174262734584,10.552278820375335,0.0,0.005361930294906166,,,,,,,,
shared-60mhz-poly1305-pipelined-share-chacha20-poly1305-decrypt-recovery-20261005,b2b-1920,1920,encrypt/prep.fsm,state,746,,,,,,,,,,,CIPHERTEXT,,,,,,,
shared-60mhz-poly1305-pipelined-share-chacha20-poly1305-decrypt-recovery-20261005,b2b-1920,1920,shared/pipe.arb,arb,746,,,,,,,,,,,,,,,,,,
shared-60mhz-poly1305-pipelined-share-chacha20-poly1305-decrypt-recovery-20261005,b2b-1920,1920,shared/pipe.dec_in,handshake,746,124,58,306,258,0.6813186813186813,1.467741935483871,0.16621983914209115,,0.0777479892761394,0.4101876675603217,,,,,,,,
shared-60mhz-poly1305-pipelined-share-chacha20-poly1305-decrypt-recovery-20261005,b2b-1920,1920,shared/pipe.dec_out,handshake,746,124,16,173,433,0.8857142857142857,1.1290322580645162,0.16621983914209115,,0.021447721179624665,0.23190348525469168,,,,,,,,
shared-60mhz-poly1305-pipelined-share-chacha20-poly1305-decrypt-recovery-20261005,b2b-1920,1920,shared/pipe.enc_in,handshake,746,124,60,306,256,0.6739130434782609,1.4838709677419355,0.16621983914209115,,0.08042895442359249,0.4101876675603217,,,,,,,,
shared-60mhz-poly1305-pipelined-share-chacha20-poly1305-decrypt-recovery-20261005,b2b-1920,1920,shared/pipe.enc_out,handshake,746,124,299,182,141,0.29314420803782504,3.411290322580645,0.16621983914209115,,0.4008042895442359,0.24396782841823056,,,,,,,,
shared-60mhz-poly1305-pipelined-share-chacha20-poly1305-decrypt-recovery-20261005,b2b-1920,1920,shared/poly1305.epilogue.arb,arb,746,,,,,,,,,,,,,,,,,,
shared-60mhz-poly1305-pipelined-share-chacha20-poly1305-decrypt-recovery-20261005,b2b-1920,1920,shared/poly1305.epilogue.dec_in,handshake,746,4,1,698,43,0.8,1.25,0.005361930294906166,,0.0013404825737265416,0.935656836461126,,,,,,,,
shared-60mhz-poly1305-pipelined-share-chacha20-poly1305-decrypt-recovery-20261005,b2b-1920,1920,shared/poly1305.epilogue.dec_out,handshake,746,4,0,20,722,1.0,1.0,0.005361930294906166,,0.0,0.02680965147453083,,,,,,,,
shared-60mhz-poly1305-pipelined-share-chacha20-poly1305-decrypt-recovery-20261005,b2b-1920,1920,shared/poly1305.epilogue.enc_in,handshake,746,4,0,698,44,1.0,1.0,0.005361930294906166,,0.0,0.935656836461126,,,,,,,,
shared-60mhz-poly1305-pipelined-share-chacha20-poly1305-decrypt-recovery-20261005,b2b-1920,1920,shared/poly1305.epilogue.enc_out,handshake,746,4,0,20,722,1.0,1.0,0.005361930294906166,,0.0,0.02680965147453083,,,,,,,,
shared-60mhz-poly1305-pipelined-share-chacha20-poly1305-decrypt-recovery-20261005,b2b-1920,1920,shared/poly1305.epilogue.service,state,746,,,,,,,,,,,IDLE,,,,,,,
shared-60mhz-poly1305-pipelined-share-chacha20-poly1305-decrypt-recovery-20261005,b2b-1920,1920,shared/poly1305.epilogue.service_in,handshake,746,8,1,698,39,0.8888888888888888,1.125,0.010723860589812333,,0.0013404825737265416,0.935656836461126,,,,,,,,
shared-60mhz-poly1305-pipelined-share-chacha20-poly1305-decrypt-recovery-20261005,b2b-1920,1920,shared/poly1305.epilogue.service_out,handshake,746,8,0,0,738,1.0,1.0,0.010723860589812333,,0.0,0.0,,,,,,,,
shared-60mhz-poly1305-pipelined-share-chacha20-poly1305-decrypt-recovery-20261005,b2b-1920,1920,shared/poly1305.prologue.arb,arb,746,,,,,,,,,,,,,,,,,,
shared-60mhz-poly1305-pipelined-share-chacha20-poly1305-decrypt-recovery-20261005,b2b-1920,1920,shared/poly1305.prologue.dec_in,handshake,746,4,8,690,44,0.3333333333333333,3.0,0.005361930294906166,,0.010723860589812333,0.9249329758713136,,,,,,,,
shared-60mhz-poly1305-pipelined-share-chacha20-poly1305-decrypt-recovery-20261005,b2b-1920,1920,shared/poly1305.prologue.dec_out,handshake,746,4,0,24,718,1.0,1.0,0.005361930294906166,,0.0,0.032171581769437,,,,,,,,
shared-60mhz-poly1305-pipelined-share-chacha20-poly1305-decrypt-recovery-20261005,b2b-1920,1920,shared/poly1305.prologue.enc_in,handshake,746,4,0,690,52,1.0,1.0,0.005361930294906166,,0.0,0.9249329758713136,,,,,,,,
shared-60mhz-poly1305-pipelined-share-chacha20-poly1305-decrypt-recovery-20261005,b2b-1920,1920,shared/poly1305.prologue.enc_out,handshake,746,4,0,24,718,1.0,1.0,0.005361930294906166,,0.0,0.032171581769437,,,,,,,,
shared-60mhz-poly1305-pipelined-share-chacha20-poly1305-decrypt-recovery-20261005,b2b-1920,1920,shared/poly1305.prologue.service,state,746,,,,,,,,,,,IDLE,,,,,,,
shared-60mhz-poly1305-pipelined-share-chacha20-poly1305-decrypt-recovery-20261005,b2b-1920,1920,shared/poly1305.prologue.service_in,handshake,746,8,8,690,40,0.5,2.0,0.010723860589812333,,0.010723860589812333,0.9249329758713136,,,,,,,,
shared-60mhz-poly1305-pipelined-share-chacha20-poly1305-decrypt-recovery-20261005,b2b-1920,1920,shared/poly1305.prologue.service_out,handshake,746,8,0,0,738,1.0,1.0,0.010723860589812333,,0.0,0.0,,,,,,,,
